<diffgr:diffgram xmlns:msdata="urn:schemas-microsoft-com:xml-msdata" xmlns:diffgr="urn:schemas-microsoft-com:xml-diffgram-v1">
  <DSPROJECT>
    <D_Project diffgr:id="D_Project1" msdata:rowOrder="0" diffgr:hasChanges="inserted">
      <iID>1</iID>
      <szName>PLC_GROUP13</szName>
      <dtCreateDate>2024-02-08T16:35:16.0399531+02:00</dtCreateDate>
      <iProjectAttributeID>1</iProjectAttributeID>
      <bUserManage>false</bUserManage>
    </D_Project>
    <D_DBVersion diffgr:id="D_DBVersion2" msdata:rowOrder="0" diffgr:hasChanges="inserted">
      <iSupportVersion>1</iSupportVersion>
      <iCreateVersion>1</iCreateVersion>
    </D_DBVersion>
  </DSPROJECT>
</diffgr:diffgram>