<diffgr:diffgram xmlns:msdata="urn:schemas-microsoft-com:xml-msdata" xmlns:diffgr="urn:schemas-microsoft-com:xml-diffgram-v1">
  <DSPROJECTDATAPROTECTION>
    <L_ProjectdataProtection diffgr:id="L_ProjectdataProtection1" msdata:rowOrder="0" diffgr:hasChanges="inserted">
      <iID>1</iID>
      <iSecuritylevelID>1</iSecuritylevelID>
      <iProjectdataID>1</iProjectdataID>
      <bDataView>true</bDataView>
      <bDataEdit>true</bDataEdit>
      <bDataSave>true</bDataSave>
      <bScrapFlag>false</bScrapFlag>
      <bListViewPermission>true</bListViewPermission>
      <bReadPermission>true</bReadPermission>
      <bWritePermission>true</bWritePermission>
    </L_ProjectdataProtection>
    <L_ProjectdataProtection diffgr:id="L_ProjectdataProtection2" msdata:rowOrder="1" diffgr:hasChanges="inserted">
      <iID>2</iID>
      <iSecuritylevelID>2</iSecuritylevelID>
      <iProjectdataID>1</iProjectdataID>
      <bDataView>true</bDataView>
      <bDataEdit>true</bDataEdit>
      <bDataSave>true</bDataSave>
      <bScrapFlag>false</bScrapFlag>
      <bListViewPermission>true</bListViewPermission>
      <bReadPermission>true</bReadPermission>
      <bWritePermission>true</bWritePermission>
    </L_ProjectdataProtection>
    <L_ProjectdataProtection diffgr:id="L_ProjectdataProtection3" msdata:rowOrder="2" diffgr:hasChanges="inserted">
      <iID>3</iID>
      <iSecuritylevelID>1</iSecuritylevelID>
      <iProjectdataID>2</iProjectdataID>
      <bDataView>true</bDataView>
      <bDataEdit>true</bDataEdit>
      <bDataSave>true</bDataSave>
      <bScrapFlag>false</bScrapFlag>
      <bListViewPermission>true</bListViewPermission>
      <bReadPermission>true</bReadPermission>
      <bWritePermission>true</bWritePermission>
    </L_ProjectdataProtection>
    <L_ProjectdataProtection diffgr:id="L_ProjectdataProtection4" msdata:rowOrder="3" diffgr:hasChanges="inserted">
      <iID>4</iID>
      <iSecuritylevelID>2</iSecuritylevelID>
      <iProjectdataID>2</iProjectdataID>
      <bDataView>true</bDataView>
      <bDataEdit>true</bDataEdit>
      <bDataSave>true</bDataSave>
      <bScrapFlag>false</bScrapFlag>
      <bListViewPermission>true</bListViewPermission>
      <bReadPermission>true</bReadPermission>
      <bWritePermission>true</bWritePermission>
    </L_ProjectdataProtection>
    <L_ProjectdataProtection diffgr:id="L_ProjectdataProtection5" msdata:rowOrder="4" diffgr:hasChanges="inserted">
      <iID>5</iID>
      <iSecuritylevelID>1</iSecuritylevelID>
      <iProjectdataID>3</iProjectdataID>
      <bDataView>true</bDataView>
      <bDataEdit>true</bDataEdit>
      <bDataSave>true</bDataSave>
      <bScrapFlag>false</bScrapFlag>
      <bListViewPermission>true</bListViewPermission>
      <bReadPermission>true</bReadPermission>
      <bWritePermission>true</bWritePermission>
    </L_ProjectdataProtection>
    <L_ProjectdataProtection diffgr:id="L_ProjectdataProtection6" msdata:rowOrder="5" diffgr:hasChanges="inserted">
      <iID>6</iID>
      <iSecuritylevelID>2</iSecuritylevelID>
      <iProjectdataID>3</iProjectdataID>
      <bDataView>true</bDataView>
      <bDataEdit>true</bDataEdit>
      <bDataSave>true</bDataSave>
      <bScrapFlag>false</bScrapFlag>
      <bListViewPermission>true</bListViewPermission>
      <bReadPermission>true</bReadPermission>
      <bWritePermission>true</bWritePermission>
    </L_ProjectdataProtection>
    <L_ProjectdataProtection diffgr:id="L_ProjectdataProtection7" msdata:rowOrder="6" diffgr:hasChanges="inserted">
      <iID>7</iID>
      <iSecuritylevelID>1</iSecuritylevelID>
      <iProjectdataID>4</iProjectdataID>
      <bDataView>true</bDataView>
      <bDataEdit>true</bDataEdit>
      <bDataSave>true</bDataSave>
      <bScrapFlag>false</bScrapFlag>
      <bListViewPermission>true</bListViewPermission>
      <bReadPermission>true</bReadPermission>
      <bWritePermission>true</bWritePermission>
    </L_ProjectdataProtection>
    <L_ProjectdataProtection diffgr:id="L_ProjectdataProtection8" msdata:rowOrder="7" diffgr:hasChanges="inserted">
      <iID>8</iID>
      <iSecuritylevelID>2</iSecuritylevelID>
      <iProjectdataID>4</iProjectdataID>
      <bDataView>true</bDataView>
      <bDataEdit>true</bDataEdit>
      <bDataSave>true</bDataSave>
      <bScrapFlag>false</bScrapFlag>
      <bListViewPermission>true</bListViewPermission>
      <bReadPermission>true</bReadPermission>
      <bWritePermission>true</bWritePermission>
    </L_ProjectdataProtection>
    <L_ProjectdataProtection diffgr:id="L_ProjectdataProtection9" msdata:rowOrder="8" diffgr:hasChanges="inserted">
      <iID>9</iID>
      <iSecuritylevelID>1</iSecuritylevelID>
      <iProjectdataID>5</iProjectdataID>
      <bDataView>true</bDataView>
      <bDataEdit>true</bDataEdit>
      <bDataSave>true</bDataSave>
      <bScrapFlag>false</bScrapFlag>
      <bListViewPermission>true</bListViewPermission>
      <bReadPermission>true</bReadPermission>
      <bWritePermission>true</bWritePermission>
    </L_ProjectdataProtection>
    <L_ProjectdataProtection diffgr:id="L_ProjectdataProtection10" msdata:rowOrder="9" diffgr:hasChanges="inserted">
      <iID>10</iID>
      <iSecuritylevelID>2</iSecuritylevelID>
      <iProjectdataID>5</iProjectdataID>
      <bDataView>true</bDataView>
      <bDataEdit>true</bDataEdit>
      <bDataSave>true</bDataSave>
      <bScrapFlag>false</bScrapFlag>
      <bListViewPermission>true</bListViewPermission>
      <bReadPermission>true</bReadPermission>
      <bWritePermission>true</bWritePermission>
    </L_ProjectdataProtection>
    <L_ProjectdataProtection diffgr:id="L_ProjectdataProtection11" msdata:rowOrder="10" diffgr:hasChanges="inserted">
      <iID>11</iID>
      <iSecuritylevelID>1</iSecuritylevelID>
      <iProjectdataID>6</iProjectdataID>
      <bDataView>true</bDataView>
      <bDataEdit>true</bDataEdit>
      <bDataSave>true</bDataSave>
      <bScrapFlag>false</bScrapFlag>
      <bListViewPermission>true</bListViewPermission>
      <bReadPermission>true</bReadPermission>
      <bWritePermission>true</bWritePermission>
    </L_ProjectdataProtection>
    <L_ProjectdataProtection diffgr:id="L_ProjectdataProtection12" msdata:rowOrder="11" diffgr:hasChanges="inserted">
      <iID>12</iID>
      <iSecuritylevelID>2</iSecuritylevelID>
      <iProjectdataID>6</iProjectdataID>
      <bDataView>true</bDataView>
      <bDataEdit>true</bDataEdit>
      <bDataSave>true</bDataSave>
      <bScrapFlag>false</bScrapFlag>
      <bListViewPermission>true</bListViewPermission>
      <bReadPermission>true</bReadPermission>
      <bWritePermission>true</bWritePermission>
    </L_ProjectdataProtection>
    <L_ProjectdataProtection diffgr:id="L_ProjectdataProtection13" msdata:rowOrder="12" diffgr:hasChanges="inserted">
      <iID>13</iID>
      <iSecuritylevelID>1</iSecuritylevelID>
      <iProjectdataID>7</iProjectdataID>
      <bDataView>true</bDataView>
      <bDataEdit>true</bDataEdit>
      <bDataSave>true</bDataSave>
      <bScrapFlag>false</bScrapFlag>
      <bListViewPermission>true</bListViewPermission>
      <bReadPermission>true</bReadPermission>
      <bWritePermission>true</bWritePermission>
    </L_ProjectdataProtection>
    <L_ProjectdataProtection diffgr:id="L_ProjectdataProtection14" msdata:rowOrder="13" diffgr:hasChanges="inserted">
      <iID>14</iID>
      <iSecuritylevelID>2</iSecuritylevelID>
      <iProjectdataID>7</iProjectdataID>
      <bDataView>true</bDataView>
      <bDataEdit>true</bDataEdit>
      <bDataSave>true</bDataSave>
      <bScrapFlag>false</bScrapFlag>
      <bListViewPermission>true</bListViewPermission>
      <bReadPermission>true</bReadPermission>
      <bWritePermission>true</bWritePermission>
    </L_ProjectdataProtection>
    <L_ProjectdataProtection diffgr:id="L_ProjectdataProtection15" msdata:rowOrder="14" diffgr:hasChanges="inserted">
      <iID>15</iID>
      <iSecuritylevelID>1</iSecuritylevelID>
      <iProjectdataID>8</iProjectdataID>
      <bDataView>true</bDataView>
      <bDataEdit>true</bDataEdit>
      <bDataSave>true</bDataSave>
      <bScrapFlag>false</bScrapFlag>
      <bListViewPermission>true</bListViewPermission>
      <bReadPermission>true</bReadPermission>
      <bWritePermission>true</bWritePermission>
    </L_ProjectdataProtection>
    <L_ProjectdataProtection diffgr:id="L_ProjectdataProtection16" msdata:rowOrder="15" diffgr:hasChanges="inserted">
      <iID>16</iID>
      <iSecuritylevelID>2</iSecuritylevelID>
      <iProjectdataID>8</iProjectdataID>
      <bDataView>true</bDataView>
      <bDataEdit>true</bDataEdit>
      <bDataSave>true</bDataSave>
      <bScrapFlag>false</bScrapFlag>
      <bListViewPermission>true</bListViewPermission>
      <bReadPermission>true</bReadPermission>
      <bWritePermission>true</bWritePermission>
    </L_ProjectdataProtection>
    <L_ProjectdataProtection diffgr:id="L_ProjectdataProtection17" msdata:rowOrder="16" diffgr:hasChanges="inserted">
      <iID>17</iID>
      <iSecuritylevelID>1</iSecuritylevelID>
      <iProjectdataID>9</iProjectdataID>
      <bDataView>true</bDataView>
      <bDataEdit>true</bDataEdit>
      <bDataSave>true</bDataSave>
      <bScrapFlag>false</bScrapFlag>
      <bListViewPermission>true</bListViewPermission>
      <bReadPermission>true</bReadPermission>
      <bWritePermission>true</bWritePermission>
    </L_ProjectdataProtection>
    <L_ProjectdataProtection diffgr:id="L_ProjectdataProtection18" msdata:rowOrder="17" diffgr:hasChanges="inserted">
      <iID>18</iID>
      <iSecuritylevelID>2</iSecuritylevelID>
      <iProjectdataID>9</iProjectdataID>
      <bDataView>true</bDataView>
      <bDataEdit>true</bDataEdit>
      <bDataSave>true</bDataSave>
      <bScrapFlag>false</bScrapFlag>
      <bListViewPermission>true</bListViewPermission>
      <bReadPermission>true</bReadPermission>
      <bWritePermission>true</bWritePermission>
    </L_ProjectdataProtection>
    <L_ProjectdataProtection diffgr:id="L_ProjectdataProtection19" msdata:rowOrder="18" diffgr:hasChanges="inserted">
      <iID>19</iID>
      <iSecuritylevelID>1</iSecuritylevelID>
      <iProjectdataID>10</iProjectdataID>
      <bDataView>true</bDataView>
      <bDataEdit>true</bDataEdit>
      <bDataSave>true</bDataSave>
      <bScrapFlag>false</bScrapFlag>
      <bListViewPermission>true</bListViewPermission>
      <bReadPermission>true</bReadPermission>
      <bWritePermission>true</bWritePermission>
    </L_ProjectdataProtection>
    <L_ProjectdataProtection diffgr:id="L_ProjectdataProtection20" msdata:rowOrder="19" diffgr:hasChanges="inserted">
      <iID>20</iID>
      <iSecuritylevelID>2</iSecuritylevelID>
      <iProjectdataID>10</iProjectdataID>
      <bDataView>true</bDataView>
      <bDataEdit>true</bDataEdit>
      <bDataSave>true</bDataSave>
      <bScrapFlag>false</bScrapFlag>
      <bListViewPermission>true</bListViewPermission>
      <bReadPermission>true</bReadPermission>
      <bWritePermission>true</bWritePermission>
    </L_ProjectdataProtection>
    <L_ProjectdataProtection diffgr:id="L_ProjectdataProtection21" msdata:rowOrder="20" diffgr:hasChanges="inserted">
      <iID>21</iID>
      <iSecuritylevelID>1</iSecuritylevelID>
      <iProjectdataID>11</iProjectdataID>
      <bDataView>true</bDataView>
      <bDataEdit>true</bDataEdit>
      <bDataSave>true</bDataSave>
      <bScrapFlag>false</bScrapFlag>
      <bListViewPermission>true</bListViewPermission>
      <bReadPermission>true</bReadPermission>
      <bWritePermission>true</bWritePermission>
    </L_ProjectdataProtection>
    <L_ProjectdataProtection diffgr:id="L_ProjectdataProtection22" msdata:rowOrder="21" diffgr:hasChanges="inserted">
      <iID>22</iID>
      <iSecuritylevelID>2</iSecuritylevelID>
      <iProjectdataID>11</iProjectdataID>
      <bDataView>true</bDataView>
      <bDataEdit>true</bDataEdit>
      <bDataSave>true</bDataSave>
      <bScrapFlag>false</bScrapFlag>
      <bListViewPermission>true</bListViewPermission>
      <bReadPermission>true</bReadPermission>
      <bWritePermission>true</bWritePermission>
    </L_ProjectdataProtection>
    <L_ProjectdataProtection diffgr:id="L_ProjectdataProtection23" msdata:rowOrder="22" diffgr:hasChanges="inserted">
      <iID>23</iID>
      <iSecuritylevelID>1</iSecuritylevelID>
      <iProjectdataID>12</iProjectdataID>
      <bDataView>true</bDataView>
      <bDataEdit>true</bDataEdit>
      <bDataSave>true</bDataSave>
      <bScrapFlag>false</bScrapFlag>
      <bListViewPermission>true</bListViewPermission>
      <bReadPermission>true</bReadPermission>
      <bWritePermission>true</bWritePermission>
    </L_ProjectdataProtection>
    <L_ProjectdataProtection diffgr:id="L_ProjectdataProtection24" msdata:rowOrder="23" diffgr:hasChanges="inserted">
      <iID>24</iID>
      <iSecuritylevelID>2</iSecuritylevelID>
      <iProjectdataID>12</iProjectdataID>
      <bDataView>true</bDataView>
      <bDataEdit>true</bDataEdit>
      <bDataSave>true</bDataSave>
      <bScrapFlag>false</bScrapFlag>
      <bListViewPermission>true</bListViewPermission>
      <bReadPermission>true</bReadPermission>
      <bWritePermission>true</bWritePermission>
    </L_ProjectdataProtection>
    <L_ProjectdataProtection diffgr:id="L_ProjectdataProtection25" msdata:rowOrder="24" diffgr:hasChanges="inserted">
      <iID>25</iID>
      <iSecuritylevelID>1</iSecuritylevelID>
      <iProjectdataID>13</iProjectdataID>
      <bDataView>true</bDataView>
      <bDataEdit>true</bDataEdit>
      <bDataSave>true</bDataSave>
      <bScrapFlag>false</bScrapFlag>
      <bListViewPermission>true</bListViewPermission>
      <bReadPermission>true</bReadPermission>
      <bWritePermission>true</bWritePermission>
    </L_ProjectdataProtection>
    <L_ProjectdataProtection diffgr:id="L_ProjectdataProtection26" msdata:rowOrder="25" diffgr:hasChanges="inserted">
      <iID>26</iID>
      <iSecuritylevelID>2</iSecuritylevelID>
      <iProjectdataID>13</iProjectdataID>
      <bDataView>true</bDataView>
      <bDataEdit>true</bDataEdit>
      <bDataSave>true</bDataSave>
      <bScrapFlag>false</bScrapFlag>
      <bListViewPermission>true</bListViewPermission>
      <bReadPermission>true</bReadPermission>
      <bWritePermission>true</bWritePermission>
    </L_ProjectdataProtection>
    <L_ProjectdataProtection diffgr:id="L_ProjectdataProtection27" msdata:rowOrder="26" diffgr:hasChanges="inserted">
      <iID>27</iID>
      <iSecuritylevelID>1</iSecuritylevelID>
      <iProjectdataID>14</iProjectdataID>
      <bDataView>true</bDataView>
      <bDataEdit>true</bDataEdit>
      <bDataSave>true</bDataSave>
      <bScrapFlag>false</bScrapFlag>
      <bListViewPermission>true</bListViewPermission>
      <bReadPermission>true</bReadPermission>
      <bWritePermission>true</bWritePermission>
    </L_ProjectdataProtection>
    <L_ProjectdataProtection diffgr:id="L_ProjectdataProtection28" msdata:rowOrder="27" diffgr:hasChanges="inserted">
      <iID>28</iID>
      <iSecuritylevelID>2</iSecuritylevelID>
      <iProjectdataID>14</iProjectdataID>
      <bDataView>true</bDataView>
      <bDataEdit>true</bDataEdit>
      <bDataSave>true</bDataSave>
      <bScrapFlag>false</bScrapFlag>
      <bListViewPermission>true</bListViewPermission>
      <bReadPermission>true</bReadPermission>
      <bWritePermission>true</bWritePermission>
    </L_ProjectdataProtection>
    <L_ProjectdataProtection diffgr:id="L_ProjectdataProtection29" msdata:rowOrder="28" diffgr:hasChanges="inserted">
      <iID>29</iID>
      <iSecuritylevelID>1</iSecuritylevelID>
      <iProjectdataID>15</iProjectdataID>
      <bDataView>true</bDataView>
      <bDataEdit>true</bDataEdit>
      <bDataSave>true</bDataSave>
      <bScrapFlag>false</bScrapFlag>
      <bListViewPermission>true</bListViewPermission>
      <bReadPermission>true</bReadPermission>
      <bWritePermission>true</bWritePermission>
    </L_ProjectdataProtection>
    <L_ProjectdataProtection diffgr:id="L_ProjectdataProtection30" msdata:rowOrder="29" diffgr:hasChanges="inserted">
      <iID>30</iID>
      <iSecuritylevelID>2</iSecuritylevelID>
      <iProjectdataID>15</iProjectdataID>
      <bDataView>true</bDataView>
      <bDataEdit>true</bDataEdit>
      <bDataSave>true</bDataSave>
      <bScrapFlag>false</bScrapFlag>
      <bListViewPermission>true</bListViewPermission>
      <bReadPermission>true</bReadPermission>
      <bWritePermission>true</bWritePermission>
    </L_ProjectdataProtection>
    <L_ProjectdataProtection diffgr:id="L_ProjectdataProtection31" msdata:rowOrder="30" diffgr:hasChanges="inserted">
      <iID>31</iID>
      <iSecuritylevelID>1</iSecuritylevelID>
      <iProjectdataID>16</iProjectdataID>
      <bDataView>true</bDataView>
      <bDataEdit>true</bDataEdit>
      <bDataSave>true</bDataSave>
      <bScrapFlag>false</bScrapFlag>
      <bListViewPermission>true</bListViewPermission>
      <bReadPermission>true</bReadPermission>
      <bWritePermission>true</bWritePermission>
    </L_ProjectdataProtection>
    <L_ProjectdataProtection diffgr:id="L_ProjectdataProtection32" msdata:rowOrder="31" diffgr:hasChanges="inserted">
      <iID>32</iID>
      <iSecuritylevelID>2</iSecuritylevelID>
      <iProjectdataID>16</iProjectdataID>
      <bDataView>true</bDataView>
      <bDataEdit>true</bDataEdit>
      <bDataSave>true</bDataSave>
      <bScrapFlag>false</bScrapFlag>
      <bListViewPermission>true</bListViewPermission>
      <bReadPermission>true</bReadPermission>
      <bWritePermission>true</bWritePermission>
    </L_ProjectdataProtection>
    <L_ProjectdataProtection diffgr:id="L_ProjectdataProtection33" msdata:rowOrder="32" diffgr:hasChanges="inserted">
      <iID>33</iID>
      <iSecuritylevelID>1</iSecuritylevelID>
      <iProjectdataID>17</iProjectdataID>
      <bDataView>true</bDataView>
      <bDataEdit>true</bDataEdit>
      <bDataSave>true</bDataSave>
      <bScrapFlag>false</bScrapFlag>
      <bListViewPermission>true</bListViewPermission>
      <bReadPermission>true</bReadPermission>
      <bWritePermission>true</bWritePermission>
    </L_ProjectdataProtection>
    <L_ProjectdataProtection diffgr:id="L_ProjectdataProtection34" msdata:rowOrder="33" diffgr:hasChanges="inserted">
      <iID>34</iID>
      <iSecuritylevelID>2</iSecuritylevelID>
      <iProjectdataID>17</iProjectdataID>
      <bDataView>true</bDataView>
      <bDataEdit>true</bDataEdit>
      <bDataSave>true</bDataSave>
      <bScrapFlag>false</bScrapFlag>
      <bListViewPermission>true</bListViewPermission>
      <bReadPermission>true</bReadPermission>
      <bWritePermission>true</bWritePermission>
    </L_ProjectdataProtection>
    <L_ProjectdataProtection diffgr:id="L_ProjectdataProtection35" msdata:rowOrder="34" diffgr:hasChanges="inserted">
      <iID>35</iID>
      <iSecuritylevelID>1</iSecuritylevelID>
      <iProjectdataID>18</iProjectdataID>
      <bDataView>true</bDataView>
      <bDataEdit>true</bDataEdit>
      <bDataSave>true</bDataSave>
      <bScrapFlag>false</bScrapFlag>
      <bListViewPermission>true</bListViewPermission>
      <bReadPermission>true</bReadPermission>
      <bWritePermission>true</bWritePermission>
    </L_ProjectdataProtection>
    <L_ProjectdataProtection diffgr:id="L_ProjectdataProtection36" msdata:rowOrder="35" diffgr:hasChanges="inserted">
      <iID>36</iID>
      <iSecuritylevelID>2</iSecuritylevelID>
      <iProjectdataID>18</iProjectdataID>
      <bDataView>true</bDataView>
      <bDataEdit>true</bDataEdit>
      <bDataSave>true</bDataSave>
      <bScrapFlag>false</bScrapFlag>
      <bListViewPermission>true</bListViewPermission>
      <bReadPermission>true</bReadPermission>
      <bWritePermission>true</bWritePermission>
    </L_ProjectdataProtection>
    <L_ProjectdataProtection diffgr:id="L_ProjectdataProtection37" msdata:rowOrder="36" diffgr:hasChanges="inserted">
      <iID>37</iID>
      <iSecuritylevelID>1</iSecuritylevelID>
      <iProjectdataID>19</iProjectdataID>
      <bDataView>true</bDataView>
      <bDataEdit>true</bDataEdit>
      <bDataSave>true</bDataSave>
      <bScrapFlag>false</bScrapFlag>
      <bListViewPermission>true</bListViewPermission>
      <bReadPermission>true</bReadPermission>
      <bWritePermission>true</bWritePermission>
    </L_ProjectdataProtection>
    <L_ProjectdataProtection diffgr:id="L_ProjectdataProtection38" msdata:rowOrder="37" diffgr:hasChanges="inserted">
      <iID>38</iID>
      <iSecuritylevelID>2</iSecuritylevelID>
      <iProjectdataID>19</iProjectdataID>
      <bDataView>true</bDataView>
      <bDataEdit>true</bDataEdit>
      <bDataSave>true</bDataSave>
      <bScrapFlag>false</bScrapFlag>
      <bListViewPermission>true</bListViewPermission>
      <bReadPermission>true</bReadPermission>
      <bWritePermission>true</bWritePermission>
    </L_ProjectdataProtection>
    <L_ProjectdataProtection diffgr:id="L_ProjectdataProtection39" msdata:rowOrder="38" diffgr:hasChanges="inserted">
      <iID>39</iID>
      <iSecuritylevelID>1</iSecuritylevelID>
      <iProjectdataID>20</iProjectdataID>
      <bDataView>true</bDataView>
      <bDataEdit>true</bDataEdit>
      <bDataSave>true</bDataSave>
      <bScrapFlag>false</bScrapFlag>
      <bListViewPermission>true</bListViewPermission>
      <bReadPermission>true</bReadPermission>
      <bWritePermission>true</bWritePermission>
    </L_ProjectdataProtection>
    <L_ProjectdataProtection diffgr:id="L_ProjectdataProtection40" msdata:rowOrder="39" diffgr:hasChanges="inserted">
      <iID>40</iID>
      <iSecuritylevelID>2</iSecuritylevelID>
      <iProjectdataID>20</iProjectdataID>
      <bDataView>true</bDataView>
      <bDataEdit>true</bDataEdit>
      <bDataSave>true</bDataSave>
      <bScrapFlag>false</bScrapFlag>
      <bListViewPermission>true</bListViewPermission>
      <bReadPermission>true</bReadPermission>
      <bWritePermission>true</bWritePermission>
    </L_ProjectdataProtection>
    <L_ProjectdataProtection diffgr:id="L_ProjectdataProtection41" msdata:rowOrder="40" diffgr:hasChanges="inserted">
      <iID>41</iID>
      <iSecuritylevelID>1</iSecuritylevelID>
      <iProjectdataID>21</iProjectdataID>
      <bDataView>true</bDataView>
      <bDataEdit>true</bDataEdit>
      <bDataSave>true</bDataSave>
      <bScrapFlag>false</bScrapFlag>
      <bListViewPermission>true</bListViewPermission>
      <bReadPermission>true</bReadPermission>
      <bWritePermission>true</bWritePermission>
    </L_ProjectdataProtection>
    <L_ProjectdataProtection diffgr:id="L_ProjectdataProtection42" msdata:rowOrder="41" diffgr:hasChanges="inserted">
      <iID>42</iID>
      <iSecuritylevelID>2</iSecuritylevelID>
      <iProjectdataID>21</iProjectdataID>
      <bDataView>true</bDataView>
      <bDataEdit>true</bDataEdit>
      <bDataSave>true</bDataSave>
      <bScrapFlag>false</bScrapFlag>
      <bListViewPermission>true</bListViewPermission>
      <bReadPermission>true</bReadPermission>
      <bWritePermission>true</bWritePermission>
    </L_ProjectdataProtection>
    <L_ProjectdataProtection diffgr:id="L_ProjectdataProtection43" msdata:rowOrder="42" diffgr:hasChanges="inserted">
      <iID>43</iID>
      <iSecuritylevelID>1</iSecuritylevelID>
      <iProjectdataID>22</iProjectdataID>
      <bDataView>true</bDataView>
      <bDataEdit>true</bDataEdit>
      <bDataSave>true</bDataSave>
      <bScrapFlag>false</bScrapFlag>
      <bListViewPermission>true</bListViewPermission>
      <bReadPermission>true</bReadPermission>
      <bWritePermission>true</bWritePermission>
    </L_ProjectdataProtection>
    <L_ProjectdataProtection diffgr:id="L_ProjectdataProtection44" msdata:rowOrder="43" diffgr:hasChanges="inserted">
      <iID>44</iID>
      <iSecuritylevelID>2</iSecuritylevelID>
      <iProjectdataID>22</iProjectdataID>
      <bDataView>true</bDataView>
      <bDataEdit>true</bDataEdit>
      <bDataSave>true</bDataSave>
      <bScrapFlag>false</bScrapFlag>
      <bListViewPermission>true</bListViewPermission>
      <bReadPermission>true</bReadPermission>
      <bWritePermission>true</bWritePermission>
    </L_ProjectdataProtection>
    <L_ProjectdataProtection diffgr:id="L_ProjectdataProtection45" msdata:rowOrder="44" diffgr:hasChanges="inserted">
      <iID>45</iID>
      <iSecuritylevelID>1</iSecuritylevelID>
      <iProjectdataID>23</iProjectdataID>
      <bDataView>true</bDataView>
      <bDataEdit>true</bDataEdit>
      <bDataSave>true</bDataSave>
      <bScrapFlag>false</bScrapFlag>
      <bListViewPermission>true</bListViewPermission>
      <bReadPermission>true</bReadPermission>
      <bWritePermission>true</bWritePermission>
    </L_ProjectdataProtection>
    <L_ProjectdataProtection diffgr:id="L_ProjectdataProtection46" msdata:rowOrder="45" diffgr:hasChanges="inserted">
      <iID>46</iID>
      <iSecuritylevelID>2</iSecuritylevelID>
      <iProjectdataID>23</iProjectdataID>
      <bDataView>true</bDataView>
      <bDataEdit>true</bDataEdit>
      <bDataSave>true</bDataSave>
      <bScrapFlag>false</bScrapFlag>
      <bListViewPermission>true</bListViewPermission>
      <bReadPermission>true</bReadPermission>
      <bWritePermission>true</bWritePermission>
    </L_ProjectdataProtection>
    <L_ProjectdataProtection diffgr:id="L_ProjectdataProtection47" msdata:rowOrder="46" diffgr:hasChanges="inserted">
      <iID>47</iID>
      <iSecuritylevelID>1</iSecuritylevelID>
      <iProjectdataID>24</iProjectdataID>
      <bDataView>true</bDataView>
      <bDataEdit>true</bDataEdit>
      <bDataSave>true</bDataSave>
      <bScrapFlag>false</bScrapFlag>
      <bListViewPermission>true</bListViewPermission>
      <bReadPermission>true</bReadPermission>
      <bWritePermission>true</bWritePermission>
    </L_ProjectdataProtection>
    <L_ProjectdataProtection diffgr:id="L_ProjectdataProtection48" msdata:rowOrder="47" diffgr:hasChanges="inserted">
      <iID>48</iID>
      <iSecuritylevelID>2</iSecuritylevelID>
      <iProjectdataID>24</iProjectdataID>
      <bDataView>true</bDataView>
      <bDataEdit>true</bDataEdit>
      <bDataSave>true</bDataSave>
      <bScrapFlag>false</bScrapFlag>
      <bListViewPermission>true</bListViewPermission>
      <bReadPermission>true</bReadPermission>
      <bWritePermission>true</bWritePermission>
    </L_ProjectdataProtection>
    <L_ProjectdataProtection diffgr:id="L_ProjectdataProtection49" msdata:rowOrder="48" diffgr:hasChanges="inserted">
      <iID>49</iID>
      <iSecuritylevelID>1</iSecuritylevelID>
      <iProjectdataID>25</iProjectdataID>
      <bDataView>true</bDataView>
      <bDataEdit>true</bDataEdit>
      <bDataSave>true</bDataSave>
      <bScrapFlag>false</bScrapFlag>
      <bListViewPermission>true</bListViewPermission>
      <bReadPermission>true</bReadPermission>
      <bWritePermission>true</bWritePermission>
    </L_ProjectdataProtection>
    <L_ProjectdataProtection diffgr:id="L_ProjectdataProtection50" msdata:rowOrder="49" diffgr:hasChanges="inserted">
      <iID>50</iID>
      <iSecuritylevelID>2</iSecuritylevelID>
      <iProjectdataID>25</iProjectdataID>
      <bDataView>true</bDataView>
      <bDataEdit>true</bDataEdit>
      <bDataSave>true</bDataSave>
      <bScrapFlag>false</bScrapFlag>
      <bListViewPermission>true</bListViewPermission>
      <bReadPermission>true</bReadPermission>
      <bWritePermission>true</bWritePermission>
    </L_ProjectdataProtection>
    <L_ProjectdataProtection diffgr:id="L_ProjectdataProtection51" msdata:rowOrder="50" diffgr:hasChanges="inserted">
      <iID>51</iID>
      <iSecuritylevelID>1</iSecuritylevelID>
      <iProjectdataID>26</iProjectdataID>
      <bDataView>true</bDataView>
      <bDataEdit>true</bDataEdit>
      <bDataSave>true</bDataSave>
      <bScrapFlag>false</bScrapFlag>
      <bListViewPermission>true</bListViewPermission>
      <bReadPermission>true</bReadPermission>
      <bWritePermission>true</bWritePermission>
    </L_ProjectdataProtection>
    <L_ProjectdataProtection diffgr:id="L_ProjectdataProtection52" msdata:rowOrder="51" diffgr:hasChanges="inserted">
      <iID>52</iID>
      <iSecuritylevelID>2</iSecuritylevelID>
      <iProjectdataID>26</iProjectdataID>
      <bDataView>true</bDataView>
      <bDataEdit>true</bDataEdit>
      <bDataSave>true</bDataSave>
      <bScrapFlag>false</bScrapFlag>
      <bListViewPermission>true</bListViewPermission>
      <bReadPermission>true</bReadPermission>
      <bWritePermission>true</bWritePermission>
    </L_ProjectdataProtection>
    <L_ProjectdataProtection diffgr:id="L_ProjectdataProtection53" msdata:rowOrder="52" diffgr:hasChanges="inserted">
      <iID>53</iID>
      <iSecuritylevelID>1</iSecuritylevelID>
      <iProjectdataID>27</iProjectdataID>
      <bDataView>true</bDataView>
      <bDataEdit>true</bDataEdit>
      <bDataSave>true</bDataSave>
      <bScrapFlag>false</bScrapFlag>
      <bListViewPermission>true</bListViewPermission>
      <bReadPermission>true</bReadPermission>
      <bWritePermission>true</bWritePermission>
    </L_ProjectdataProtection>
    <L_ProjectdataProtection diffgr:id="L_ProjectdataProtection54" msdata:rowOrder="53" diffgr:hasChanges="inserted">
      <iID>54</iID>
      <iSecuritylevelID>2</iSecuritylevelID>
      <iProjectdataID>27</iProjectdataID>
      <bDataView>true</bDataView>
      <bDataEdit>true</bDataEdit>
      <bDataSave>true</bDataSave>
      <bScrapFlag>false</bScrapFlag>
      <bListViewPermission>true</bListViewPermission>
      <bReadPermission>true</bReadPermission>
      <bWritePermission>true</bWritePermission>
    </L_ProjectdataProtection>
    <L_ProjectdataProtection diffgr:id="L_ProjectdataProtection55" msdata:rowOrder="54" diffgr:hasChanges="inserted">
      <iID>55</iID>
      <iSecuritylevelID>1</iSecuritylevelID>
      <iProjectdataID>28</iProjectdataID>
      <bDataView>true</bDataView>
      <bDataEdit>true</bDataEdit>
      <bDataSave>true</bDataSave>
      <bScrapFlag>false</bScrapFlag>
      <bListViewPermission>true</bListViewPermission>
      <bReadPermission>true</bReadPermission>
      <bWritePermission>true</bWritePermission>
    </L_ProjectdataProtection>
    <L_ProjectdataProtection diffgr:id="L_ProjectdataProtection56" msdata:rowOrder="55" diffgr:hasChanges="inserted">
      <iID>56</iID>
      <iSecuritylevelID>2</iSecuritylevelID>
      <iProjectdataID>28</iProjectdataID>
      <bDataView>true</bDataView>
      <bDataEdit>true</bDataEdit>
      <bDataSave>true</bDataSave>
      <bScrapFlag>false</bScrapFlag>
      <bListViewPermission>true</bListViewPermission>
      <bReadPermission>true</bReadPermission>
      <bWritePermission>true</bWritePermission>
    </L_ProjectdataProtection>
    <L_ProjectdataProtection diffgr:id="L_ProjectdataProtection57" msdata:rowOrder="56" diffgr:hasChanges="inserted">
      <iID>57</iID>
      <iSecuritylevelID>1</iSecuritylevelID>
      <iProjectdataID>29</iProjectdataID>
      <bDataView>true</bDataView>
      <bDataEdit>true</bDataEdit>
      <bDataSave>true</bDataSave>
      <bScrapFlag>false</bScrapFlag>
      <bListViewPermission>true</bListViewPermission>
      <bReadPermission>true</bReadPermission>
      <bWritePermission>true</bWritePermission>
    </L_ProjectdataProtection>
    <L_ProjectdataProtection diffgr:id="L_ProjectdataProtection58" msdata:rowOrder="57" diffgr:hasChanges="inserted">
      <iID>58</iID>
      <iSecuritylevelID>2</iSecuritylevelID>
      <iProjectdataID>29</iProjectdataID>
      <bDataView>true</bDataView>
      <bDataEdit>true</bDataEdit>
      <bDataSave>true</bDataSave>
      <bScrapFlag>false</bScrapFlag>
      <bListViewPermission>true</bListViewPermission>
      <bReadPermission>true</bReadPermission>
      <bWritePermission>true</bWritePermission>
    </L_ProjectdataProtection>
    <L_ProjectdataProtection diffgr:id="L_ProjectdataProtection59" msdata:rowOrder="58" diffgr:hasChanges="inserted">
      <iID>59</iID>
      <iSecuritylevelID>1</iSecuritylevelID>
      <iProjectdataID>30</iProjectdataID>
      <bDataView>true</bDataView>
      <bDataEdit>true</bDataEdit>
      <bDataSave>true</bDataSave>
      <bScrapFlag>false</bScrapFlag>
      <bListViewPermission>true</bListViewPermission>
      <bReadPermission>true</bReadPermission>
      <bWritePermission>true</bWritePermission>
    </L_ProjectdataProtection>
    <L_ProjectdataProtection diffgr:id="L_ProjectdataProtection60" msdata:rowOrder="59" diffgr:hasChanges="inserted">
      <iID>60</iID>
      <iSecuritylevelID>2</iSecuritylevelID>
      <iProjectdataID>30</iProjectdataID>
      <bDataView>true</bDataView>
      <bDataEdit>true</bDataEdit>
      <bDataSave>true</bDataSave>
      <bScrapFlag>false</bScrapFlag>
      <bListViewPermission>true</bListViewPermission>
      <bReadPermission>true</bReadPermission>
      <bWritePermission>true</bWritePermission>
    </L_ProjectdataProtection>
    <L_ProjectdataProtection diffgr:id="L_ProjectdataProtection61" msdata:rowOrder="60" diffgr:hasChanges="inserted">
      <iID>61</iID>
      <iSecuritylevelID>1</iSecuritylevelID>
      <iProjectdataID>31</iProjectdataID>
      <bDataView>true</bDataView>
      <bDataEdit>true</bDataEdit>
      <bDataSave>true</bDataSave>
      <bScrapFlag>false</bScrapFlag>
      <bListViewPermission>true</bListViewPermission>
      <bReadPermission>true</bReadPermission>
      <bWritePermission>true</bWritePermission>
    </L_ProjectdataProtection>
    <L_ProjectdataProtection diffgr:id="L_ProjectdataProtection62" msdata:rowOrder="61" diffgr:hasChanges="inserted">
      <iID>62</iID>
      <iSecuritylevelID>2</iSecuritylevelID>
      <iProjectdataID>31</iProjectdataID>
      <bDataView>true</bDataView>
      <bDataEdit>true</bDataEdit>
      <bDataSave>true</bDataSave>
      <bScrapFlag>false</bScrapFlag>
      <bListViewPermission>true</bListViewPermission>
      <bReadPermission>true</bReadPermission>
      <bWritePermission>true</bWritePermission>
    </L_ProjectdataProtection>
    <L_ProjectdataProtection diffgr:id="L_ProjectdataProtection63" msdata:rowOrder="62" diffgr:hasChanges="inserted">
      <iID>63</iID>
      <iSecuritylevelID>1</iSecuritylevelID>
      <iProjectdataID>32</iProjectdataID>
      <bDataView>true</bDataView>
      <bDataEdit>true</bDataEdit>
      <bDataSave>true</bDataSave>
      <bScrapFlag>false</bScrapFlag>
      <bListViewPermission>true</bListViewPermission>
      <bReadPermission>true</bReadPermission>
      <bWritePermission>true</bWritePermission>
    </L_ProjectdataProtection>
    <L_ProjectdataProtection diffgr:id="L_ProjectdataProtection64" msdata:rowOrder="63" diffgr:hasChanges="inserted">
      <iID>64</iID>
      <iSecuritylevelID>2</iSecuritylevelID>
      <iProjectdataID>32</iProjectdataID>
      <bDataView>true</bDataView>
      <bDataEdit>true</bDataEdit>
      <bDataSave>true</bDataSave>
      <bScrapFlag>false</bScrapFlag>
      <bListViewPermission>true</bListViewPermission>
      <bReadPermission>true</bReadPermission>
      <bWritePermission>true</bWritePermission>
    </L_ProjectdataProtection>
    <L_ProjectdataProtection diffgr:id="L_ProjectdataProtection65" msdata:rowOrder="64" diffgr:hasChanges="inserted">
      <iID>65</iID>
      <iSecuritylevelID>1</iSecuritylevelID>
      <iProjectdataID>33</iProjectdataID>
      <bDataView>true</bDataView>
      <bDataEdit>true</bDataEdit>
      <bDataSave>true</bDataSave>
      <bScrapFlag>false</bScrapFlag>
      <bListViewPermission>true</bListViewPermission>
      <bReadPermission>true</bReadPermission>
      <bWritePermission>true</bWritePermission>
    </L_ProjectdataProtection>
    <L_ProjectdataProtection diffgr:id="L_ProjectdataProtection66" msdata:rowOrder="65" diffgr:hasChanges="inserted">
      <iID>66</iID>
      <iSecuritylevelID>2</iSecuritylevelID>
      <iProjectdataID>33</iProjectdataID>
      <bDataView>true</bDataView>
      <bDataEdit>true</bDataEdit>
      <bDataSave>true</bDataSave>
      <bScrapFlag>false</bScrapFlag>
      <bListViewPermission>true</bListViewPermission>
      <bReadPermission>true</bReadPermission>
      <bWritePermission>true</bWritePermission>
    </L_ProjectdataProtection>
    <L_ProjectdataProtection diffgr:id="L_ProjectdataProtection67" msdata:rowOrder="66" diffgr:hasChanges="inserted">
      <iID>67</iID>
      <iSecuritylevelID>1</iSecuritylevelID>
      <iProjectdataID>34</iProjectdataID>
      <bDataView>true</bDataView>
      <bDataEdit>true</bDataEdit>
      <bDataSave>true</bDataSave>
      <bScrapFlag>false</bScrapFlag>
      <bListViewPermission>true</bListViewPermission>
      <bReadPermission>true</bReadPermission>
      <bWritePermission>true</bWritePermission>
    </L_ProjectdataProtection>
    <L_ProjectdataProtection diffgr:id="L_ProjectdataProtection68" msdata:rowOrder="67" diffgr:hasChanges="inserted">
      <iID>68</iID>
      <iSecuritylevelID>2</iSecuritylevelID>
      <iProjectdataID>34</iProjectdataID>
      <bDataView>true</bDataView>
      <bDataEdit>true</bDataEdit>
      <bDataSave>true</bDataSave>
      <bScrapFlag>false</bScrapFlag>
      <bListViewPermission>true</bListViewPermission>
      <bReadPermission>true</bReadPermission>
      <bWritePermission>true</bWritePermission>
    </L_ProjectdataProtection>
    <L_ProjectdataProtection diffgr:id="L_ProjectdataProtection69" msdata:rowOrder="68" diffgr:hasChanges="inserted">
      <iID>69</iID>
      <iSecuritylevelID>1</iSecuritylevelID>
      <iProjectdataID>35</iProjectdataID>
      <bDataView>true</bDataView>
      <bDataEdit>true</bDataEdit>
      <bDataSave>true</bDataSave>
      <bScrapFlag>false</bScrapFlag>
      <bListViewPermission>true</bListViewPermission>
      <bReadPermission>true</bReadPermission>
      <bWritePermission>true</bWritePermission>
    </L_ProjectdataProtection>
    <L_ProjectdataProtection diffgr:id="L_ProjectdataProtection70" msdata:rowOrder="69" diffgr:hasChanges="inserted">
      <iID>70</iID>
      <iSecuritylevelID>2</iSecuritylevelID>
      <iProjectdataID>35</iProjectdataID>
      <bDataView>true</bDataView>
      <bDataEdit>true</bDataEdit>
      <bDataSave>true</bDataSave>
      <bScrapFlag>false</bScrapFlag>
      <bListViewPermission>true</bListViewPermission>
      <bReadPermission>true</bReadPermission>
      <bWritePermission>true</bWritePermission>
    </L_ProjectdataProtection>
    <L_ProjectdataProtection diffgr:id="L_ProjectdataProtection71" msdata:rowOrder="70" diffgr:hasChanges="inserted">
      <iID>71</iID>
      <iSecuritylevelID>1</iSecuritylevelID>
      <iProjectdataID>36</iProjectdataID>
      <bDataView>true</bDataView>
      <bDataEdit>true</bDataEdit>
      <bDataSave>true</bDataSave>
      <bScrapFlag>false</bScrapFlag>
      <bListViewPermission>true</bListViewPermission>
      <bReadPermission>true</bReadPermission>
      <bWritePermission>true</bWritePermission>
    </L_ProjectdataProtection>
    <L_ProjectdataProtection diffgr:id="L_ProjectdataProtection72" msdata:rowOrder="71" diffgr:hasChanges="inserted">
      <iID>72</iID>
      <iSecuritylevelID>2</iSecuritylevelID>
      <iProjectdataID>36</iProjectdataID>
      <bDataView>true</bDataView>
      <bDataEdit>true</bDataEdit>
      <bDataSave>true</bDataSave>
      <bScrapFlag>false</bScrapFlag>
      <bListViewPermission>true</bListViewPermission>
      <bReadPermission>true</bReadPermission>
      <bWritePermission>true</bWritePermission>
    </L_ProjectdataProtection>
    <L_ProjectdataProtection diffgr:id="L_ProjectdataProtection73" msdata:rowOrder="72" diffgr:hasChanges="inserted">
      <iID>73</iID>
      <iSecuritylevelID>1</iSecuritylevelID>
      <iProjectdataID>37</iProjectdataID>
      <bDataView>true</bDataView>
      <bDataEdit>true</bDataEdit>
      <bDataSave>true</bDataSave>
      <bScrapFlag>false</bScrapFlag>
      <bListViewPermission>true</bListViewPermission>
      <bReadPermission>true</bReadPermission>
      <bWritePermission>true</bWritePermission>
    </L_ProjectdataProtection>
    <L_ProjectdataProtection diffgr:id="L_ProjectdataProtection74" msdata:rowOrder="73" diffgr:hasChanges="inserted">
      <iID>74</iID>
      <iSecuritylevelID>2</iSecuritylevelID>
      <iProjectdataID>37</iProjectdataID>
      <bDataView>true</bDataView>
      <bDataEdit>true</bDataEdit>
      <bDataSave>true</bDataSave>
      <bScrapFlag>false</bScrapFlag>
      <bListViewPermission>true</bListViewPermission>
      <bReadPermission>true</bReadPermission>
      <bWritePermission>true</bWritePermission>
    </L_ProjectdataProtection>
    <L_ProjectdataProtection diffgr:id="L_ProjectdataProtection75" msdata:rowOrder="74" diffgr:hasChanges="inserted">
      <iID>75</iID>
      <iSecuritylevelID>1</iSecuritylevelID>
      <iProjectdataID>38</iProjectdataID>
      <bDataView>true</bDataView>
      <bDataEdit>true</bDataEdit>
      <bDataSave>true</bDataSave>
      <bScrapFlag>false</bScrapFlag>
      <bListViewPermission>true</bListViewPermission>
      <bReadPermission>true</bReadPermission>
      <bWritePermission>true</bWritePermission>
    </L_ProjectdataProtection>
    <L_ProjectdataProtection diffgr:id="L_ProjectdataProtection76" msdata:rowOrder="75" diffgr:hasChanges="inserted">
      <iID>76</iID>
      <iSecuritylevelID>2</iSecuritylevelID>
      <iProjectdataID>38</iProjectdataID>
      <bDataView>true</bDataView>
      <bDataEdit>true</bDataEdit>
      <bDataSave>true</bDataSave>
      <bScrapFlag>false</bScrapFlag>
      <bListViewPermission>true</bListViewPermission>
      <bReadPermission>true</bReadPermission>
      <bWritePermission>true</bWritePermission>
    </L_ProjectdataProtection>
    <L_ProjectdataProtection diffgr:id="L_ProjectdataProtection77" msdata:rowOrder="76" diffgr:hasChanges="inserted">
      <iID>77</iID>
      <iSecuritylevelID>1</iSecuritylevelID>
      <iProjectdataID>39</iProjectdataID>
      <bDataView>true</bDataView>
      <bDataEdit>true</bDataEdit>
      <bDataSave>true</bDataSave>
      <bScrapFlag>false</bScrapFlag>
      <bListViewPermission>true</bListViewPermission>
      <bReadPermission>true</bReadPermission>
      <bWritePermission>true</bWritePermission>
    </L_ProjectdataProtection>
    <L_ProjectdataProtection diffgr:id="L_ProjectdataProtection78" msdata:rowOrder="77" diffgr:hasChanges="inserted">
      <iID>78</iID>
      <iSecuritylevelID>2</iSecuritylevelID>
      <iProjectdataID>39</iProjectdataID>
      <bDataView>true</bDataView>
      <bDataEdit>true</bDataEdit>
      <bDataSave>true</bDataSave>
      <bScrapFlag>false</bScrapFlag>
      <bListViewPermission>true</bListViewPermission>
      <bReadPermission>true</bReadPermission>
      <bWritePermission>true</bWritePermission>
    </L_ProjectdataProtection>
    <L_ProjectdataProtection diffgr:id="L_ProjectdataProtection79" msdata:rowOrder="78" diffgr:hasChanges="inserted">
      <iID>79</iID>
      <iSecuritylevelID>1</iSecuritylevelID>
      <iProjectdataID>40</iProjectdataID>
      <bDataView>true</bDataView>
      <bDataEdit>true</bDataEdit>
      <bDataSave>true</bDataSave>
      <bScrapFlag>false</bScrapFlag>
      <bListViewPermission>true</bListViewPermission>
      <bReadPermission>true</bReadPermission>
      <bWritePermission>true</bWritePermission>
    </L_ProjectdataProtection>
    <L_ProjectdataProtection diffgr:id="L_ProjectdataProtection80" msdata:rowOrder="79" diffgr:hasChanges="inserted">
      <iID>80</iID>
      <iSecuritylevelID>2</iSecuritylevelID>
      <iProjectdataID>40</iProjectdataID>
      <bDataView>true</bDataView>
      <bDataEdit>true</bDataEdit>
      <bDataSave>true</bDataSave>
      <bScrapFlag>false</bScrapFlag>
      <bListViewPermission>true</bListViewPermission>
      <bReadPermission>true</bReadPermission>
      <bWritePermission>true</bWritePermission>
    </L_ProjectdataProtection>
    <L_ProjectdataProtection diffgr:id="L_ProjectdataProtection81" msdata:rowOrder="80" diffgr:hasChanges="inserted">
      <iID>81</iID>
      <iSecuritylevelID>1</iSecuritylevelID>
      <iProjectdataID>41</iProjectdataID>
      <bDataView>true</bDataView>
      <bDataEdit>true</bDataEdit>
      <bDataSave>true</bDataSave>
      <bScrapFlag>false</bScrapFlag>
      <bListViewPermission>true</bListViewPermission>
      <bReadPermission>true</bReadPermission>
      <bWritePermission>true</bWritePermission>
    </L_ProjectdataProtection>
    <L_ProjectdataProtection diffgr:id="L_ProjectdataProtection82" msdata:rowOrder="81" diffgr:hasChanges="inserted">
      <iID>82</iID>
      <iSecuritylevelID>2</iSecuritylevelID>
      <iProjectdataID>41</iProjectdataID>
      <bDataView>true</bDataView>
      <bDataEdit>true</bDataEdit>
      <bDataSave>true</bDataSave>
      <bScrapFlag>false</bScrapFlag>
      <bListViewPermission>true</bListViewPermission>
      <bReadPermission>true</bReadPermission>
      <bWritePermission>true</bWritePermission>
    </L_ProjectdataProtection>
    <L_ProjectdataProtection diffgr:id="L_ProjectdataProtection83" msdata:rowOrder="82" diffgr:hasChanges="inserted">
      <iID>83</iID>
      <iSecuritylevelID>1</iSecuritylevelID>
      <iProjectdataID>42</iProjectdataID>
      <bDataView>true</bDataView>
      <bDataEdit>true</bDataEdit>
      <bDataSave>true</bDataSave>
      <bScrapFlag>false</bScrapFlag>
      <bListViewPermission>true</bListViewPermission>
      <bReadPermission>true</bReadPermission>
      <bWritePermission>true</bWritePermission>
    </L_ProjectdataProtection>
    <L_ProjectdataProtection diffgr:id="L_ProjectdataProtection84" msdata:rowOrder="83" diffgr:hasChanges="inserted">
      <iID>84</iID>
      <iSecuritylevelID>2</iSecuritylevelID>
      <iProjectdataID>42</iProjectdataID>
      <bDataView>true</bDataView>
      <bDataEdit>true</bDataEdit>
      <bDataSave>true</bDataSave>
      <bScrapFlag>false</bScrapFlag>
      <bListViewPermission>true</bListViewPermission>
      <bReadPermission>true</bReadPermission>
      <bWritePermission>true</bWritePermission>
    </L_ProjectdataProtection>
    <L_ProjectdataProtection diffgr:id="L_ProjectdataProtection85" msdata:rowOrder="84" diffgr:hasChanges="inserted">
      <iID>85</iID>
      <iSecuritylevelID>1</iSecuritylevelID>
      <iProjectdataID>43</iProjectdataID>
      <bDataView>true</bDataView>
      <bDataEdit>true</bDataEdit>
      <bDataSave>true</bDataSave>
      <bScrapFlag>false</bScrapFlag>
      <bListViewPermission>true</bListViewPermission>
      <bReadPermission>true</bReadPermission>
      <bWritePermission>true</bWritePermission>
    </L_ProjectdataProtection>
    <L_ProjectdataProtection diffgr:id="L_ProjectdataProtection86" msdata:rowOrder="85" diffgr:hasChanges="inserted">
      <iID>86</iID>
      <iSecuritylevelID>2</iSecuritylevelID>
      <iProjectdataID>43</iProjectdataID>
      <bDataView>true</bDataView>
      <bDataEdit>true</bDataEdit>
      <bDataSave>true</bDataSave>
      <bScrapFlag>false</bScrapFlag>
      <bListViewPermission>true</bListViewPermission>
      <bReadPermission>true</bReadPermission>
      <bWritePermission>true</bWritePermission>
    </L_ProjectdataProtection>
    <L_ProjectdataProtection diffgr:id="L_ProjectdataProtection87" msdata:rowOrder="86" diffgr:hasChanges="inserted">
      <iID>87</iID>
      <iSecuritylevelID>1</iSecuritylevelID>
      <iProjectdataID>44</iProjectdataID>
      <bDataView>true</bDataView>
      <bDataEdit>true</bDataEdit>
      <bDataSave>true</bDataSave>
      <bScrapFlag>false</bScrapFlag>
      <bListViewPermission>true</bListViewPermission>
      <bReadPermission>true</bReadPermission>
      <bWritePermission>true</bWritePermission>
    </L_ProjectdataProtection>
    <L_ProjectdataProtection diffgr:id="L_ProjectdataProtection88" msdata:rowOrder="87" diffgr:hasChanges="inserted">
      <iID>88</iID>
      <iSecuritylevelID>2</iSecuritylevelID>
      <iProjectdataID>44</iProjectdataID>
      <bDataView>true</bDataView>
      <bDataEdit>true</bDataEdit>
      <bDataSave>true</bDataSave>
      <bScrapFlag>false</bScrapFlag>
      <bListViewPermission>true</bListViewPermission>
      <bReadPermission>true</bReadPermission>
      <bWritePermission>true</bWritePermission>
    </L_ProjectdataProtection>
    <L_ProjectdataProtection diffgr:id="L_ProjectdataProtection89" msdata:rowOrder="88" diffgr:hasChanges="inserted">
      <iID>89</iID>
      <iSecuritylevelID>1</iSecuritylevelID>
      <iProjectdataID>45</iProjectdataID>
      <bDataView>true</bDataView>
      <bDataEdit>true</bDataEdit>
      <bDataSave>true</bDataSave>
      <bScrapFlag>false</bScrapFlag>
      <bListViewPermission>true</bListViewPermission>
      <bReadPermission>true</bReadPermission>
      <bWritePermission>true</bWritePermission>
    </L_ProjectdataProtection>
    <L_ProjectdataProtection diffgr:id="L_ProjectdataProtection90" msdata:rowOrder="89" diffgr:hasChanges="inserted">
      <iID>90</iID>
      <iSecuritylevelID>2</iSecuritylevelID>
      <iProjectdataID>45</iProjectdataID>
      <bDataView>true</bDataView>
      <bDataEdit>true</bDataEdit>
      <bDataSave>true</bDataSave>
      <bScrapFlag>false</bScrapFlag>
      <bListViewPermission>true</bListViewPermission>
      <bReadPermission>true</bReadPermission>
      <bWritePermission>true</bWritePermission>
    </L_ProjectdataProtection>
    <L_ProjectdataProtection diffgr:id="L_ProjectdataProtection91" msdata:rowOrder="90" diffgr:hasChanges="inserted">
      <iID>91</iID>
      <iSecuritylevelID>1</iSecuritylevelID>
      <iProjectdataID>46</iProjectdataID>
      <bDataView>true</bDataView>
      <bDataEdit>true</bDataEdit>
      <bDataSave>true</bDataSave>
      <bScrapFlag>false</bScrapFlag>
      <bListViewPermission>true</bListViewPermission>
      <bReadPermission>true</bReadPermission>
      <bWritePermission>true</bWritePermission>
    </L_ProjectdataProtection>
    <L_ProjectdataProtection diffgr:id="L_ProjectdataProtection92" msdata:rowOrder="91" diffgr:hasChanges="inserted">
      <iID>92</iID>
      <iSecuritylevelID>2</iSecuritylevelID>
      <iProjectdataID>46</iProjectdataID>
      <bDataView>true</bDataView>
      <bDataEdit>true</bDataEdit>
      <bDataSave>true</bDataSave>
      <bScrapFlag>false</bScrapFlag>
      <bListViewPermission>true</bListViewPermission>
      <bReadPermission>true</bReadPermission>
      <bWritePermission>true</bWritePermission>
    </L_ProjectdataProtection>
    <L_ProjectdataProtection diffgr:id="L_ProjectdataProtection97" msdata:rowOrder="92" diffgr:hasChanges="inserted">
      <iID>93</iID>
      <iSecuritylevelID>1</iSecuritylevelID>
      <iProjectdataID>47</iProjectdataID>
      <bDataView>true</bDataView>
      <bDataEdit>true</bDataEdit>
      <bDataSave>true</bDataSave>
      <bScrapFlag>false</bScrapFlag>
      <bListViewPermission>true</bListViewPermission>
      <bReadPermission>true</bReadPermission>
      <bWritePermission>true</bWritePermission>
    </L_ProjectdataProtection>
    <L_ProjectdataProtection diffgr:id="L_ProjectdataProtection98" msdata:rowOrder="93" diffgr:hasChanges="inserted">
      <iID>94</iID>
      <iSecuritylevelID>2</iSecuritylevelID>
      <iProjectdataID>47</iProjectdataID>
      <bDataView>true</bDataView>
      <bDataEdit>true</bDataEdit>
      <bDataSave>true</bDataSave>
      <bScrapFlag>false</bScrapFlag>
      <bListViewPermission>true</bListViewPermission>
      <bReadPermission>true</bReadPermission>
      <bWritePermission>true</bWritePermission>
    </L_ProjectdataProtection>
    <D_DBVersion diffgr:id="D_DBVersion3" msdata:rowOrder="0" diffgr:hasChanges="inserted">
      <iSupportVersion>1</iSupportVersion>
      <iCreateVersion>1</iCreateVersion>
    </D_DBVersion>
  </DSPROJECTDATAPROTECTION>
</diffgr:diffgram>