<diffgr:diffgram xmlns:msdata="urn:schemas-microsoft-com:xml-msdata" xmlns:diffgr="urn:schemas-microsoft-com:xml-diffgram-v1">
  <DSHISTORY>
    <D_History diffgr:id="D_History1" msdata:rowOrder="0" diffgr:hasChanges="inserted">
      <iID>1</iID>
      <iProjectdataID>1</iProjectdataID>
      <szComment />
      <iEditor>0</iEditor>
      <dtUpdateDate>2024-02-08T16:35:59.5626862+02:00</dtUpdateDate>
      <dtFileTimeStamp>2024-01-21T20:58:55.0287876+02:00</dtFileTimeStamp>
      <dtFileUpdateDate>2024-02-08T16:35:59.5626862+02:00</dtFileUpdateDate>
      <iFileSize>552</iFileSize>
      <szMD5val>mL+IVpHMVyjLpFhzKMFlgQ==</szMD5val>
      <szProjectdataName>PLC_GROUP13.prj</szProjectdataName>
    </D_History>
    <D_History diffgr:id="D_History2" msdata:rowOrder="1" diffgr:hasChanges="inserted">
      <iID>2</iID>
      <iProjectdataID>2</iProjectdataID>
      <szComment />
      <iEditor>0</iEditor>
      <dtUpdateDate>2024-01-21T20:58:55.0444487+02:00</dtUpdateDate>
      <dtFileTimeStamp>2024-01-21T20:58:55.0444487+02:00</dtFileTimeStamp>
      <dtFileUpdateDate>2024-01-21T20:58:55.0444487+02:00</dtFileUpdateDate>
      <iFileSize>62</iFileSize>
      <szMD5val>pCwMTE8WZuNZJ1Nu+TBRKQ==</szMD5val>
      <szProjectdataName>0101000000000002.col</szProjectdataName>
    </D_History>
    <D_History diffgr:id="D_History3" msdata:rowOrder="2" diffgr:hasChanges="inserted">
      <iID>3</iID>
      <iProjectdataID>3</iProjectdataID>
      <szComment />
      <iEditor>0</iEditor>
      <dtUpdateDate>2024-01-21T20:58:55.0444487+02:00</dtUpdateDate>
      <dtFileTimeStamp>2024-01-21T20:58:55.0444487+02:00</dtFileTimeStamp>
      <dtFileUpdateDate>2024-01-21T20:58:55.0444487+02:00</dtFileUpdateDate>
      <iFileSize>62</iFileSize>
      <szMD5val>pCwMTE8WZuNZJ1Nu+TBRKQ==</szMD5val>
      <szProjectdataName>0101000000000003.col</szProjectdataName>
    </D_History>
    <D_History diffgr:id="D_History4" msdata:rowOrder="3" diffgr:hasChanges="inserted">
      <iID>4</iID>
      <iProjectdataID>4</iProjectdataID>
      <szComment />
      <iEditor>0</iEditor>
      <dtUpdateDate>2024-01-21T20:58:55.0444487+02:00</dtUpdateDate>
      <dtFileTimeStamp>2024-01-21T20:58:55.0444487+02:00</dtFileTimeStamp>
      <dtFileUpdateDate>2024-01-21T20:58:55.0444487+02:00</dtFileUpdateDate>
      <iFileSize>62</iFileSize>
      <szMD5val>BogKiILHOsEenWJUEkk2Fg==</szMD5val>
      <szProjectdataName>0101000000000004.col</szProjectdataName>
    </D_History>
    <D_History diffgr:id="D_History5" msdata:rowOrder="4" diffgr:hasChanges="inserted">
      <iID>5</iID>
      <iProjectdataID>5</iProjectdataID>
      <szComment />
      <iEditor>0</iEditor>
      <dtUpdateDate>2024-01-21T20:58:55.0444487+02:00</dtUpdateDate>
      <dtFileTimeStamp>2024-01-21T20:58:55.0444487+02:00</dtFileTimeStamp>
      <dtFileUpdateDate>2024-01-21T20:58:55.0444487+02:00</dtFileUpdateDate>
      <iFileSize>62</iFileSize>
      <szMD5val>pCwMTE8WZuNZJ1Nu+TBRKQ==</szMD5val>
      <szProjectdataName>0101000000000005.col</szProjectdataName>
    </D_History>
    <D_History diffgr:id="D_History6" msdata:rowOrder="5" diffgr:hasChanges="inserted">
      <iID>6</iID>
      <iProjectdataID>6</iProjectdataID>
      <szComment />
      <iEditor>0</iEditor>
      <dtUpdateDate>2024-01-21T20:58:55.0444487+02:00</dtUpdateDate>
      <dtFileTimeStamp>2024-01-21T20:58:55.0444487+02:00</dtFileTimeStamp>
      <dtFileUpdateDate>2024-01-21T20:58:55.0444487+02:00</dtFileUpdateDate>
      <iFileSize>24</iFileSize>
      <szMD5val>v0IPfahRK+4vasbINPyffQ==</szMD5val>
      <szProjectdataName>0101000000000006.col</szProjectdataName>
    </D_History>
    <D_History diffgr:id="D_History7" msdata:rowOrder="6" diffgr:hasChanges="inserted">
      <iID>7</iID>
      <iProjectdataID>7</iProjectdataID>
      <szComment />
      <iEditor>0</iEditor>
      <dtUpdateDate>2024-01-21T20:58:55.0444487+02:00</dtUpdateDate>
      <dtFileTimeStamp>2024-01-21T20:58:55.0444487+02:00</dtFileTimeStamp>
      <dtFileUpdateDate>2024-01-21T20:58:55.0444487+02:00</dtFileUpdateDate>
      <iFileSize>24</iFileSize>
      <szMD5val>d2EZZKdILilaBq+foqVZ/g==</szMD5val>
      <szProjectdataName>0101000000000007.col</szProjectdataName>
    </D_History>
    <D_History diffgr:id="D_History8" msdata:rowOrder="7" diffgr:hasChanges="inserted">
      <iID>8</iID>
      <iProjectdataID>8</iProjectdataID>
      <szComment />
      <iEditor>0</iEditor>
      <dtUpdateDate>2024-01-21T20:58:55.0600777+02:00</dtUpdateDate>
      <dtFileTimeStamp>2024-01-21T20:58:55.0600777+02:00</dtFileTimeStamp>
      <dtFileUpdateDate>2024-01-21T20:58:55.0600777+02:00</dtFileUpdateDate>
      <iFileSize>24</iFileSize>
      <szMD5val>kgDPZI8wxzqix5saGLIVYg==</szMD5val>
      <szProjectdataName>0101000000000008.col</szProjectdataName>
    </D_History>
    <D_History diffgr:id="D_History9" msdata:rowOrder="8" diffgr:hasChanges="inserted">
      <iID>9</iID>
      <iProjectdataID>9</iProjectdataID>
      <szComment />
      <iEditor>0</iEditor>
      <dtUpdateDate>2024-01-21T20:58:55.0600777+02:00</dtUpdateDate>
      <dtFileTimeStamp>2024-01-21T20:58:55.0600777+02:00</dtFileTimeStamp>
      <dtFileUpdateDate>2024-01-21T20:58:55.0600777+02:00</dtFileUpdateDate>
      <iFileSize>62</iFileSize>
      <szMD5val>BogKiILHOsEenWJUEkk2Fg==</szMD5val>
      <szProjectdataName>0101000000000009.col</szProjectdataName>
    </D_History>
    <D_History diffgr:id="D_History10" msdata:rowOrder="9" diffgr:hasChanges="inserted">
      <iID>10</iID>
      <iProjectdataID>10</iProjectdataID>
      <szComment />
      <iEditor>0</iEditor>
      <dtUpdateDate>2024-02-07T12:45:29.6157771+02:00</dtUpdateDate>
      <dtFileTimeStamp>2024-01-21T20:58:55.0600777+02:00</dtFileTimeStamp>
      <dtFileUpdateDate>2024-02-07T12:45:29.6157771+02:00</dtFileUpdateDate>
      <iFileSize>62</iFileSize>
      <szMD5val>CQq68PpTV8Ccl2HZSLz9og==</szMD5val>
      <szProjectdataName>010100000000000A.col</szProjectdataName>
    </D_History>
    <D_History diffgr:id="D_History11" msdata:rowOrder="10" diffgr:hasChanges="inserted">
      <iID>11</iID>
      <iProjectdataID>11</iProjectdataID>
      <szComment />
      <iEditor>0</iEditor>
      <dtUpdateDate>2024-01-21T20:58:55.0600777+02:00</dtUpdateDate>
      <dtFileTimeStamp>2024-01-21T20:58:55.0600777+02:00</dtFileTimeStamp>
      <dtFileUpdateDate>2024-01-21T20:58:55.0600777+02:00</dtFileUpdateDate>
      <iFileSize>24</iFileSize>
      <szMD5val>z/Kq/z3cCfIvnJ256Yoo5w==</szMD5val>
      <szProjectdataName>010100000000000B.col</szProjectdataName>
    </D_History>
    <D_History diffgr:id="D_History12" msdata:rowOrder="11" diffgr:hasChanges="inserted">
      <iID>12</iID>
      <iProjectdataID>12</iProjectdataID>
      <szComment />
      <iEditor>0</iEditor>
      <dtUpdateDate>2024-02-07T12:45:29.6157771+02:00</dtUpdateDate>
      <dtFileTimeStamp>2024-01-21T20:58:55.0600777+02:00</dtFileTimeStamp>
      <dtFileUpdateDate>2024-02-07T12:45:29.6157771+02:00</dtFileUpdateDate>
      <iFileSize>5772</iFileSize>
      <szMD5val>Qe6hfYm7Ds/e8DZY4BMJPg==</szMD5val>
      <szProjectdataName>MAIN.res</szProjectdataName>
    </D_History>
    <D_History diffgr:id="D_History13" msdata:rowOrder="12" diffgr:hasChanges="inserted">
      <iID>13</iID>
      <iProjectdataID>13</iProjectdataID>
      <szComment />
      <iEditor>0</iEditor>
      <dtUpdateDate>2024-01-21T20:58:55.0756619+02:00</dtUpdateDate>
      <dtFileTimeStamp>2024-01-21T20:58:55.0756619+02:00</dtFileTimeStamp>
      <dtFileUpdateDate>2024-01-21T20:58:55.0756619+02:00</dtFileUpdateDate>
      <iFileSize>116</iFileSize>
      <szMD5val>LAYSa5AlXCBd48t/XSfOug==</szMD5val>
      <szProjectdataName>Task_01.tsk</szProjectdataName>
    </D_History>
    <D_History diffgr:id="D_History14" msdata:rowOrder="13" diffgr:hasChanges="inserted">
      <iID>14</iID>
      <iProjectdataID>14</iProjectdataID>
      <szComment />
      <iEditor>0</iEditor>
      <dtUpdateDate>2024-02-07T12:45:29.6314035+02:00</dtUpdateDate>
      <dtFileTimeStamp>2024-01-21T20:58:55.0756619+02:00</dtFileTimeStamp>
      <dtFileUpdateDate>2024-02-07T12:45:29.6314035+02:00</dtFileUpdateDate>
      <iFileSize>10246</iFileSize>
      <szMD5val>VEs07+rgXnvZN+VwnA+nKA==</szMD5val>
      <szProjectdataName>Global1.gh</szProjectdataName>
    </D_History>
    <D_History diffgr:id="D_History15" msdata:rowOrder="14" diffgr:hasChanges="inserted">
      <iID>15</iID>
      <iProjectdataID>15</iProjectdataID>
      <szComment />
      <iEditor>0</iEditor>
      <dtUpdateDate>2024-02-08T16:35:16.5085937+02:00</dtUpdateDate>
      <dtFileTimeStamp>2024-01-21T20:58:55.0756619+02:00</dtFileTimeStamp>
      <dtFileUpdateDate>2024-02-08T16:35:16.5085937+02:00</dtFileUpdateDate>
      <iFileSize>120</iFileSize>
      <szMD5val>/ByTkkUFYVgflKFwEjehzA==</szMD5val>
      <szProjectdataName>POU_01.Labels.lh</szProjectdataName>
    </D_History>
    <D_History diffgr:id="D_History16" msdata:rowOrder="15" diffgr:hasChanges="inserted">
      <iID>16</iID>
      <iProjectdataID>16</iProjectdataID>
      <szComment />
      <iEditor>0</iEditor>
      <dtUpdateDate>2024-02-08T16:35:16.5242141+02:00</dtUpdateDate>
      <dtFileTimeStamp>2024-01-21T20:58:55.0756619+02:00</dtFileTimeStamp>
      <dtFileUpdateDate>2024-02-08T16:35:16.5242141+02:00</dtFileUpdateDate>
      <iFileSize>31913</iFileSize>
      <szMD5val>HGE9Wy7RaQTtND6aFAvp+A==</szMD5val>
      <szProjectdataName>POU_01.Program.pou</szProjectdataName>
    </D_History>
    <D_History diffgr:id="D_History17" msdata:rowOrder="16" diffgr:hasChanges="inserted">
      <iID>17</iID>
      <iProjectdataID>17</iProjectdataID>
      <szComment />
      <iEditor>0</iEditor>
      <dtUpdateDate>2024-01-21T20:58:55.0756619+02:00</dtUpdateDate>
      <dtFileTimeStamp>2024-01-21T20:58:55.0756619+02:00</dtFileTimeStamp>
      <dtFileUpdateDate>2024-01-21T20:58:55.0756619+02:00</dtFileUpdateDate>
      <iFileSize>798</iFileSize>
      <szMD5val>Eg/+zLxATZG5cbCWRJCcOA==</szMD5val>
      <szProjectdataName>Param.wpa</szProjectdataName>
    </D_History>
    <D_History diffgr:id="D_History18" msdata:rowOrder="17" diffgr:hasChanges="inserted">
      <iID>18</iID>
      <iProjectdataID>18</iProjectdataID>
      <szComment />
      <iEditor>0</iEditor>
      <dtUpdateDate>2024-02-08T16:35:59.5783401+02:00</dtUpdateDate>
      <dtFileTimeStamp>2024-01-21T20:58:55.09134+02:00</dtFileTimeStamp>
      <dtFileUpdateDate>2024-02-08T16:35:59.5783401+02:00</dtFileUpdateDate>
      <iFileSize>38</iFileSize>
      <szMD5val>7ozZQFUAf96bqItM/ScIxQ==</szMD5val>
      <szProjectdataName>Param.lup</szProjectdataName>
    </D_History>
    <D_History diffgr:id="D_History19" msdata:rowOrder="18" diffgr:hasChanges="inserted">
      <iID>19</iID>
      <iProjectdataID>19</iProjectdataID>
      <szComment />
      <iEditor>0</iEditor>
      <dtUpdateDate>2024-01-21T20:58:55.09134+02:00</dtUpdateDate>
      <dtFileTimeStamp>2024-01-21T20:58:55.09134+02:00</dtFileTimeStamp>
      <dtFileUpdateDate>2024-01-21T20:58:55.09134+02:00</dtFileUpdateDate>
      <iFileSize>60</iFileSize>
      <szMD5val>wfevoZZdDggPpnl1P/mHyA==</szMD5val>
      <szProjectdataName>COMMENT.qcd</szProjectdataName>
    </D_History>
    <D_History diffgr:id="D_History20" msdata:rowOrder="19" diffgr:hasChanges="inserted">
      <iID>20</iID>
      <iProjectdataID>20</iProjectdataID>
      <szComment />
      <iEditor>0</iEditor>
      <dtUpdateDate>2024-01-21T20:58:55.09134+02:00</dtUpdateDate>
      <dtFileTimeStamp>2024-01-21T20:58:55.09134+02:00</dtFileTimeStamp>
      <dtFileUpdateDate>2024-01-21T20:58:55.09134+02:00</dtFileUpdateDate>
      <iFileSize>124</iFileSize>
      <szMD5val>AuYPOjuI8Zhu55BYfubuGw==</szMD5val>
      <szProjectdataName>MAIN.qdv</szProjectdataName>
    </D_History>
    <D_History diffgr:id="D_History21" msdata:rowOrder="20" diffgr:hasChanges="inserted">
      <iID>21</iID>
      <iProjectdataID>21</iProjectdataID>
      <szComment />
      <iEditor>0</iEditor>
      <dtUpdateDate>2024-01-21T20:58:55.09134+02:00</dtUpdateDate>
      <dtFileTimeStamp>2024-01-21T20:58:55.09134+02:00</dtFileTimeStamp>
      <dtFileUpdateDate>2024-01-21T20:58:55.09134+02:00</dtFileUpdateDate>
      <iFileSize>0</iFileSize>
      <szMD5val>1B2M2Y8AsgTpgAmY7PhCfg==</szMD5val>
      <szProjectdataName>AUTOEXEC.wbt</szProjectdataName>
    </D_History>
    <D_History diffgr:id="D_History22" msdata:rowOrder="21" diffgr:hasChanges="inserted">
      <iID>22</iID>
      <iProjectdataID>22</iProjectdataID>
      <szComment />
      <iEditor>0</iEditor>
      <dtUpdateDate>2024-01-21T20:58:55.09134+02:00</dtUpdateDate>
      <dtFileTimeStamp>2024-01-21T20:58:55.09134+02:00</dtFileTimeStamp>
      <dtFileUpdateDate>2024-01-21T20:58:55.09134+02:00</dtFileUpdateDate>
      <iFileSize>100</iFileSize>
      <szMD5val>bQuwCVTOt/vuQ2u1WoOXqQ==</szMD5val>
      <szProjectdataName>00000000.qtm</szProjectdataName>
    </D_History>
    <D_History diffgr:id="D_History23" msdata:rowOrder="22" diffgr:hasChanges="inserted">
      <iID>23</iID>
      <iProjectdataID>23</iProjectdataID>
      <szComment />
      <iEditor>0</iEditor>
      <dtUpdateDate>2024-01-21T20:58:55.1069741+02:00</dtUpdateDate>
      <dtFileTimeStamp>2024-01-21T20:58:55.1069741+02:00</dtFileTimeStamp>
      <dtFileUpdateDate>2024-01-21T20:58:55.1069741+02:00</dtFileUpdateDate>
      <iFileSize>62</iFileSize>
      <szMD5val>N9i3IXtWQQD1eNaK/TaNfg==</szMD5val>
      <szProjectdataName>UserLibrary.col</szProjectdataName>
    </D_History>
    <D_History diffgr:id="D_History24" msdata:rowOrder="23" diffgr:hasChanges="inserted">
      <iID>24</iID>
      <iProjectdataID>24</iProjectdataID>
      <szComment />
      <iEditor>0</iEditor>
      <dtUpdateDate>2024-01-21T20:58:55.1069741+02:00</dtUpdateDate>
      <dtFileTimeStamp>2024-01-21T20:58:55.1069741+02:00</dtFileTimeStamp>
      <dtFileUpdateDate>2024-01-21T20:58:55.1069741+02:00</dtFileUpdateDate>
      <iFileSize>130292</iFileSize>
      <szMD5val>m9E8kl+qjdvudLscMnMJtQ==</szMD5val>
      <szProjectdataName>MELSECFunction.lif</szProjectdataName>
    </D_History>
    <D_History diffgr:id="D_History25" msdata:rowOrder="24" diffgr:hasChanges="inserted">
      <iID>25</iID>
      <iProjectdataID>25</iProjectdataID>
      <szComment />
      <iEditor>0</iEditor>
      <dtUpdateDate>2024-01-21T20:58:55.1069741+02:00</dtUpdateDate>
      <dtFileTimeStamp>2024-01-21T20:58:55.1069741+02:00</dtFileTimeStamp>
      <dtFileUpdateDate>2024-01-21T20:58:55.1069741+02:00</dtFileUpdateDate>
      <iFileSize>10385</iFileSize>
      <szMD5val>mf7xLweOTxi5BEBkc0EM6w==</szMD5val>
      <szProjectdataName>IECFunction.lif</szProjectdataName>
    </D_History>
    <D_History diffgr:id="D_History26" msdata:rowOrder="25" diffgr:hasChanges="inserted">
      <iID>26</iID>
      <iProjectdataID>26</iProjectdataID>
      <szComment />
      <iEditor>0</iEditor>
      <dtUpdateDate>2024-01-21T20:58:55.1069741+02:00</dtUpdateDate>
      <dtFileTimeStamp>2024-01-21T20:58:55.1069741+02:00</dtFileTimeStamp>
      <dtFileUpdateDate>2024-01-21T20:58:55.1069741+02:00</dtFileUpdateDate>
      <iFileSize>2319</iFileSize>
      <szMD5val>0tOSutYkk21NkLgD7LckuA==</szMD5val>
      <szProjectdataName>MELSEC_LIB2.lif</szProjectdataName>
    </D_History>
    <D_History diffgr:id="D_History27" msdata:rowOrder="26" diffgr:hasChanges="inserted">
      <iID>27</iID>
      <iProjectdataID>27</iProjectdataID>
      <szComment />
      <iEditor>0</iEditor>
      <dtUpdateDate>2024-01-21T20:58:55.1225713+02:00</dtUpdateDate>
      <dtFileTimeStamp>2024-01-21T20:58:55.1225713+02:00</dtFileTimeStamp>
      <dtFileUpdateDate>2024-01-21T20:58:55.1225713+02:00</dtFileUpdateDate>
      <iFileSize>66</iFileSize>
      <szMD5val>UpU2+5OZeWCKT4kj2fmLBA==</szMD5val>
      <szProjectdataName>BlockPassword.bpw</szProjectdataName>
    </D_History>
    <D_History diffgr:id="D_History28" msdata:rowOrder="27" diffgr:hasChanges="inserted">
      <iID>28</iID>
      <iProjectdataID>28</iProjectdataID>
      <szComment />
      <iEditor>0</iEditor>
      <dtUpdateDate>2024-01-21T20:58:55.1225713+02:00</dtUpdateDate>
      <dtFileTimeStamp>2024-01-21T20:58:55.1225713+02:00</dtFileTimeStamp>
      <dtFileUpdateDate>2024-01-21T20:58:55.1225713+02:00</dtFileUpdateDate>
      <iFileSize>0</iFileSize>
      <szMD5val>1B2M2Y8AsgTpgAmY7PhCfg==</szMD5val>
      <szProjectdataName>SamplingTrace.qtd</szProjectdataName>
    </D_History>
    <D_History diffgr:id="D_History29" msdata:rowOrder="28" diffgr:hasChanges="inserted">
      <iID>29</iID>
      <iProjectdataID>29</iProjectdataID>
      <szComment />
      <iEditor>0</iEditor>
      <dtUpdateDate>2024-01-21T20:58:55.1225713+02:00</dtUpdateDate>
      <dtFileTimeStamp>2024-01-21T20:58:55.1225713+02:00</dtFileTimeStamp>
      <dtFileUpdateDate>2024-01-21T20:58:55.1225713+02:00</dtFileUpdateDate>
      <iFileSize>44</iFileSize>
      <szMD5val>qu5F7W7uQucmTGnx/5HOUw==</szMD5val>
      <szProjectdataName>SystemLabel.sld</szProjectdataName>
    </D_History>
    <D_History diffgr:id="D_History30" msdata:rowOrder="29" diffgr:hasChanges="inserted">
      <iID>30</iID>
      <iProjectdataID>30</iProjectdataID>
      <szComment />
      <iEditor>0</iEditor>
      <dtUpdateDate>2024-01-21T20:58:55.1694485+02:00</dtUpdateDate>
      <dtFileTimeStamp>2024-01-21T20:58:55.1694485+02:00</dtFileTimeStamp>
      <dtFileUpdateDate>2024-01-21T20:58:55.1694485+02:00</dtFileUpdateDate>
      <iFileSize>76</iFileSize>
      <szMD5val>J3yjW157ncKBaZLeHb+wng==</szMD5val>
      <szProjectdataName>PLC_GROUP13.pji</szProjectdataName>
    </D_History>
    <D_History diffgr:id="D_History31" msdata:rowOrder="30" diffgr:hasChanges="inserted">
      <iID>31</iID>
      <iProjectdataID>31</iProjectdataID>
      <szComment />
      <iEditor>3</iEditor>
      <dtUpdateDate>2024-02-08T16:35:16.6491555+02:00</dtUpdateDate>
      <dtFileTimeStamp>2024-01-21T20:58:55.3569139+02:00</dtFileTimeStamp>
      <dtFileUpdateDate>2024-02-08T16:35:16.6491555+02:00</dtFileUpdateDate>
      <iFileSize>77824</iFileSize>
      <szMD5val>GvHPI1S83C2mD/8lwLeK2A==</szMD5val>
      <szProjectdataName>DeviceAssignment.dat</szProjectdataName>
    </D_History>
    <D_History diffgr:id="D_History32" msdata:rowOrder="31" diffgr:hasChanges="inserted">
      <iID>32</iID>
      <iProjectdataID>32</iProjectdataID>
      <szComment />
      <iEditor>3</iEditor>
      <dtUpdateDate>2024-02-07T12:45:30.0306206+02:00</dtUpdateDate>
      <dtFileTimeStamp>2024-01-21T20:58:55.3569139+02:00</dtFileTimeStamp>
      <dtFileUpdateDate>2024-02-07T12:45:30.0306206+02:00</dtFileUpdateDate>
      <iFileSize>77824</iFileSize>
      <szMD5val>TqnciWOgJCobxL0BpH31kg==</szMD5val>
      <szProjectdataName>ProgramAnalysis.dat</szProjectdataName>
    </D_History>
    <D_History diffgr:id="D_History33" msdata:rowOrder="32" diffgr:hasChanges="inserted">
      <iID>33</iID>
      <iProjectdataID>33</iProjectdataID>
      <szComment />
      <iEditor>3</iEditor>
      <dtUpdateDate>2024-02-07T12:45:30.0306206+02:00</dtUpdateDate>
      <dtFileTimeStamp>2024-01-21T20:58:55.3725396+02:00</dtFileTimeStamp>
      <dtFileUpdateDate>2024-02-07T12:45:30.0306206+02:00</dtFileUpdateDate>
      <iFileSize>102400</iFileSize>
      <szMD5val>motiY1bXF16WD69iHknVvw==</szMD5val>
      <szProjectdataName>DebugInformation.dat</szProjectdataName>
    </D_History>
    <D_History diffgr:id="D_History34" msdata:rowOrder="33" diffgr:hasChanges="inserted">
      <iID>34</iID>
      <iProjectdataID>34</iProjectdataID>
      <szComment />
      <iEditor>3</iEditor>
      <dtUpdateDate>2024-02-08T16:35:16.664777+02:00</dtUpdateDate>
      <dtFileTimeStamp>2024-01-21T20:58:55.3725396+02:00</dtFileTimeStamp>
      <dtFileUpdateDate>2024-02-08T16:35:16.664777+02:00</dtFileUpdateDate>
      <iFileSize>14922</iFileSize>
      <szMD5val>LMvENb3X8OBjOljfGGOjBQ==</szMD5val>
      <szProjectdataName>CallTree.dat</szProjectdataName>
    </D_History>
    <D_History diffgr:id="D_History35" msdata:rowOrder="34" diffgr:hasChanges="inserted">
      <iID>35</iID>
      <iProjectdataID>35</iProjectdataID>
      <szComment />
      <iEditor>3</iEditor>
      <dtUpdateDate>2024-02-07T12:45:30.0462423+02:00</dtUpdateDate>
      <dtFileTimeStamp>2024-01-21T20:58:55.3881646+02:00</dtFileTimeStamp>
      <dtFileUpdateDate>2024-02-07T12:45:30.0462423+02:00</dtFileUpdateDate>
      <iFileSize>15209</iFileSize>
      <szMD5val>DdBY0oMhA5WUzq1l/s5FLw==</szMD5val>
      <szProjectdataName>CGTable.dat</szProjectdataName>
    </D_History>
    <D_History diffgr:id="D_History36" msdata:rowOrder="35" diffgr:hasChanges="inserted">
      <iID>36</iID>
      <iProjectdataID>36</iProjectdataID>
      <szComment />
      <iEditor>3</iEditor>
      <dtUpdateDate>2024-02-07T12:45:30.0618636+02:00</dtUpdateDate>
      <dtFileTimeStamp>2024-01-21T20:58:55.3881646+02:00</dtFileTimeStamp>
      <dtFileUpdateDate>2024-02-07T12:45:30.0618636+02:00</dtFileUpdateDate>
      <iFileSize>597</iFileSize>
      <szMD5val>kkFXV32WwnRELR3A2/EKtA==</szMD5val>
      <szProjectdataName>DebugInformation2.dat</szProjectdataName>
    </D_History>
    <D_History diffgr:id="D_History37" msdata:rowOrder="36" diffgr:hasChanges="inserted">
      <iID>37</iID>
      <iProjectdataID>37</iProjectdataID>
      <szComment />
      <iEditor>3</iEditor>
      <dtUpdateDate>2024-02-08T16:35:59.7345609+02:00</dtUpdateDate>
      <dtFileTimeStamp>2024-01-21T20:58:55.4194163+02:00</dtFileTimeStamp>
      <dtFileUpdateDate>2024-02-08T16:35:59.7345609+02:00</dtFileUpdateDate>
      <iFileSize>20480</iFileSize>
      <szMD5val>yn5/eYBRaKpSAXu5Pb4hrA==</szMD5val>
      <szProjectdataName>ESCompiler.stg</szProjectdataName>
    </D_History>
    <D_History diffgr:id="D_History38" msdata:rowOrder="37" diffgr:hasChanges="inserted">
      <iID>38</iID>
      <iProjectdataID>38</iProjectdataID>
      <szComment>SaveProject</szComment>
      <iEditor>0</iEditor>
      <dtUpdateDate>2024-01-25T18:42:32.8121423+02:00</dtUpdateDate>
      <dtFileTimeStamp>2024-01-21T20:58:55.5600413+02:00</dtFileTimeStamp>
      <dtFileUpdateDate>2024-01-25T18:42:32.8121423+02:00</dtFileUpdateDate>
      <iFileSize>13</iFileSize>
      <szMD5val>C4Z+U8HSM86f5J1UVJojIw==</szMD5val>
      <szProjectdataName>ProjectStatusFlag.dat</szProjectdataName>
    </D_History>
    <D_History diffgr:id="D_History39" msdata:rowOrder="38" diffgr:hasChanges="inserted">
      <iID>39</iID>
      <iProjectdataID>39</iProjectdataID>
      <szComment />
      <iEditor>0</iEditor>
      <dtUpdateDate>2024-02-08T16:35:16.8990993+02:00</dtUpdateDate>
      <dtFileTimeStamp>2024-01-21T20:58:55.6537941+02:00</dtFileTimeStamp>
      <dtFileUpdateDate>2024-02-08T16:35:16.8990993+02:00</dtFileUpdateDate>
      <iFileSize>40292</iFileSize>
      <szMD5val>+7gX794YSL48qwjvjXeI+Q==</szMD5val>
      <szProjectdataName>Gppw2.gpj</szProjectdataName>
    </D_History>
    <D_History diffgr:id="D_History40" msdata:rowOrder="39" diffgr:hasChanges="inserted">
      <iID>40</iID>
      <iProjectdataID>40</iProjectdataID>
      <szComment />
      <iEditor>0</iEditor>
      <dtUpdateDate>2024-01-21T20:58:55.7162944+02:00</dtUpdateDate>
      <dtFileTimeStamp>2024-01-21T20:58:55.7162944+02:00</dtFileTimeStamp>
      <dtFileUpdateDate>2024-01-21T20:58:55.7162944+02:00</dtFileUpdateDate>
      <iFileSize>25</iFileSize>
      <szMD5val>YUwpwRWQuRrWSstCGerxkw==</szMD5val>
      <szProjectdataName>OPTIONDATA.PrgDebugger</szProjectdataName>
    </D_History>
    <D_History diffgr:id="D_History41" msdata:rowOrder="40" diffgr:hasChanges="inserted">
      <iID>41</iID>
      <iProjectdataID>41</iProjectdataID>
      <szComment />
      <iEditor>0</iEditor>
      <dtUpdateDate>2024-01-21T20:58:55.8256712+02:00</dtUpdateDate>
      <dtFileTimeStamp>2024-01-21T20:58:55.8256712+02:00</dtFileTimeStamp>
      <dtFileUpdateDate>2024-01-21T20:58:55.8256712+02:00</dtFileUpdateDate>
      <iFileSize>16</iFileSize>
      <szMD5val>a5wfoR2Wjv+GTJxOQ07Ogg==</szMD5val>
      <szProjectdataName>PRGDEBUGGER_WND1.PrgDebugger</szProjectdataName>
    </D_History>
    <D_History diffgr:id="D_History42" msdata:rowOrder="41" diffgr:hasChanges="inserted">
      <iID>42</iID>
      <iProjectdataID>42</iProjectdataID>
      <szComment />
      <iEditor>0</iEditor>
      <dtUpdateDate>2024-01-21T20:58:55.8881749+02:00</dtUpdateDate>
      <dtFileTimeStamp>2024-01-21T20:58:55.8881749+02:00</dtFileTimeStamp>
      <dtFileUpdateDate>2024-01-21T20:58:55.8881749+02:00</dtFileUpdateDate>
      <iFileSize>17</iFileSize>
      <szMD5val>cSeQ26oCU/LMT/p5IuZkkw==</szMD5val>
      <szProjectdataName>PRGDEBUGGER_WND2.PrgDebugger</szProjectdataName>
    </D_History>
    <D_History diffgr:id="D_History43" msdata:rowOrder="42" diffgr:hasChanges="inserted">
      <iID>43</iID>
      <iProjectdataID>43</iProjectdataID>
      <szComment />
      <iEditor>0</iEditor>
      <dtUpdateDate>2024-01-21T20:58:55.9975493+02:00</dtUpdateDate>
      <dtFileTimeStamp>2024-01-21T20:58:55.9975493+02:00</dtFileTimeStamp>
      <dtFileUpdateDate>2024-01-21T20:58:55.9975493+02:00</dtFileUpdateDate>
      <iFileSize>16</iFileSize>
      <szMD5val>a5wfoR2Wjv+GTJxOQ07Ogg==</szMD5val>
      <szProjectdataName>PRGDEBUGGER_WND3.PrgDebugger</szProjectdataName>
    </D_History>
    <D_History diffgr:id="D_History44" msdata:rowOrder="43" diffgr:hasChanges="inserted">
      <iID>44</iID>
      <iProjectdataID>44</iProjectdataID>
      <szComment />
      <iEditor>0</iEditor>
      <dtUpdateDate>2024-02-06T21:56:20.43628+02:00</dtUpdateDate>
      <dtFileTimeStamp>2024-01-21T20:58:56.1225583+02:00</dtFileTimeStamp>
      <dtFileUpdateDate>2024-02-06T21:56:20.43628+02:00</dtFileUpdateDate>
      <iFileSize>1486</iFileSize>
      <szMD5val>XaR5KcNRvRwgeg0PQpxVSA==</szMD5val>
      <szProjectdataName>Cnct2.ini</szProjectdataName>
    </D_History>
    <D_History diffgr:id="D_History45" msdata:rowOrder="44" diffgr:hasChanges="inserted">
      <iID>45</iID>
      <iProjectdataID>45</iProjectdataID>
      <szComment />
      <iEditor>0</iEditor>
      <dtUpdateDate>2024-01-21T20:58:56.1850539+02:00</dtUpdateDate>
      <dtFileTimeStamp>2024-01-21T20:58:56.1850539+02:00</dtFileTimeStamp>
      <dtFileUpdateDate>2024-01-21T20:58:56.1850539+02:00</dtFileUpdateDate>
      <iFileSize>16</iFileSize>
      <szMD5val>ufoEWUEDyvkFEHng/fA5+w==</szMD5val>
      <szProjectdataName>CCLinkDiag2.dat</szProjectdataName>
    </D_History>
    <D_History diffgr:id="D_History46" msdata:rowOrder="45" diffgr:hasChanges="inserted">
      <iID>46</iID>
      <iProjectdataID>46</iProjectdataID>
      <szComment />
      <iEditor>0</iEditor>
      <dtUpdateDate>2024-01-21T20:58:56.247553+02:00</dtUpdateDate>
      <dtFileTimeStamp>2024-01-21T20:58:56.247553+02:00</dtFileTimeStamp>
      <dtFileUpdateDate>2024-01-21T20:58:56.247553+02:00</dtFileUpdateDate>
      <iFileSize>16</iFileSize>
      <szMD5val>ufoEWUEDyvkFEHng/fA5+w==</szMD5val>
      <szProjectdataName>CCLinkDiag.dat</szProjectdataName>
    </D_History>
    <D_History diffgr:id="D_History49" msdata:rowOrder="46" diffgr:hasChanges="inserted">
      <iID>47</iID>
      <iProjectdataID>47</iProjectdataID>
      <szComment />
      <iEditor>0</iEditor>
      <dtFileTimeStamp>2024-02-08T16:36:00.0938405+02:00</dtFileTimeStamp>
      <szMD5val />
      <szProjectdataName>Project.gd2</szProjectdataName>
    </D_History>
    <D_DBVersion diffgr:id="D_DBVersion6" msdata:rowOrder="0" diffgr:hasChanges="inserted">
      <iSupportVersion>1</iSupportVersion>
      <iCreateVersion>1</iCreateVersion>
    </D_DBVersion>
  </DSHISTORY>
</diffgr:diffgram>