<diffgr:diffgram xmlns:msdata="urn:schemas-microsoft-com:xml-msdata" xmlns:diffgr="urn:schemas-microsoft-com:xml-diffgram-v1">
  <DSPROJECTDATA>
    <D_Projectdata diffgr:id="D_Projectdata1" msdata:rowOrder="0" diffgr:hasChanges="inserted">
      <iID>1</iID>
      <szName>PLC_GROUP13.prj</szName>
      <dtCreateDate>2024-01-21T20:58:54.9194583+02:00</dtCreateDate>
      <dtUpdateDate>2024-01-21T20:58:54.9194583+02:00</dtUpdateDate>
      <bScrapFlag>false</bScrapFlag>
      <bStructuredStorage>true</bStructuredStorage>
      <iCreaterID>0</iCreaterID>
      <ucProductType>1</ucProductType>
      <ucFolderType>1</ucFolderType>
      <uiFolderNo>0</uiFolderNo>
      <ucReserve>0</ucReserve>
      <ucFileType>1</ucFileType>
    </D_Projectdata>
    <D_Projectdata diffgr:id="D_Projectdata2" msdata:rowOrder="1" diffgr:hasChanges="inserted">
      <iID>2</iID>
      <szName>0101000000000002.col</szName>
      <dtCreateDate>2024-01-21T20:58:54.9194583+02:00</dtCreateDate>
      <dtUpdateDate>2024-01-21T20:58:54.9194583+02:00</dtUpdateDate>
      <bScrapFlag>false</bScrapFlag>
      <bStructuredStorage>true</bStructuredStorage>
      <iCreaterID>0</iCreaterID>
      <ucProductType>1</ucProductType>
      <ucFolderType>1</ucFolderType>
      <uiFolderNo>0</uiFolderNo>
      <ucReserve>0</ucReserve>
      <ucFileType>2</ucFileType>
    </D_Projectdata>
    <D_Projectdata diffgr:id="D_Projectdata3" msdata:rowOrder="2" diffgr:hasChanges="inserted">
      <iID>3</iID>
      <szName>0101000000000003.col</szName>
      <dtCreateDate>2024-01-21T20:58:54.9194583+02:00</dtCreateDate>
      <dtUpdateDate>2024-01-21T20:58:54.9194583+02:00</dtUpdateDate>
      <bScrapFlag>false</bScrapFlag>
      <bStructuredStorage>true</bStructuredStorage>
      <iCreaterID>0</iCreaterID>
      <ucProductType>1</ucProductType>
      <ucFolderType>1</ucFolderType>
      <uiFolderNo>0</uiFolderNo>
      <ucReserve>0</ucReserve>
      <ucFileType>3</ucFileType>
    </D_Projectdata>
    <D_Projectdata diffgr:id="D_Projectdata4" msdata:rowOrder="3" diffgr:hasChanges="inserted">
      <iID>4</iID>
      <szName>0101000000000004.col</szName>
      <dtCreateDate>2024-01-21T20:58:54.9194583+02:00</dtCreateDate>
      <dtUpdateDate>2024-01-21T20:58:54.9194583+02:00</dtUpdateDate>
      <bScrapFlag>false</bScrapFlag>
      <bStructuredStorage>true</bStructuredStorage>
      <iCreaterID>0</iCreaterID>
      <ucProductType>1</ucProductType>
      <ucFolderType>1</ucFolderType>
      <uiFolderNo>0</uiFolderNo>
      <ucReserve>0</ucReserve>
      <ucFileType>4</ucFileType>
    </D_Projectdata>
    <D_Projectdata diffgr:id="D_Projectdata5" msdata:rowOrder="4" diffgr:hasChanges="inserted">
      <iID>5</iID>
      <szName>0101000000000005.col</szName>
      <dtCreateDate>2024-01-21T20:58:54.935071+02:00</dtCreateDate>
      <dtUpdateDate>2024-01-21T20:58:54.935071+02:00</dtUpdateDate>
      <bScrapFlag>false</bScrapFlag>
      <bStructuredStorage>true</bStructuredStorage>
      <iCreaterID>0</iCreaterID>
      <ucProductType>1</ucProductType>
      <ucFolderType>1</ucFolderType>
      <uiFolderNo>0</uiFolderNo>
      <ucReserve>0</ucReserve>
      <ucFileType>5</ucFileType>
    </D_Projectdata>
    <D_Projectdata diffgr:id="D_Projectdata6" msdata:rowOrder="5" diffgr:hasChanges="inserted">
      <iID>6</iID>
      <szName>0101000000000006.col</szName>
      <dtCreateDate>2024-01-21T20:58:54.935071+02:00</dtCreateDate>
      <dtUpdateDate>2024-01-21T20:58:54.935071+02:00</dtUpdateDate>
      <bScrapFlag>false</bScrapFlag>
      <bStructuredStorage>true</bStructuredStorage>
      <iCreaterID>0</iCreaterID>
      <ucProductType>1</ucProductType>
      <ucFolderType>1</ucFolderType>
      <uiFolderNo>0</uiFolderNo>
      <ucReserve>0</ucReserve>
      <ucFileType>6</ucFileType>
    </D_Projectdata>
    <D_Projectdata diffgr:id="D_Projectdata7" msdata:rowOrder="6" diffgr:hasChanges="inserted">
      <iID>7</iID>
      <szName>0101000000000007.col</szName>
      <dtCreateDate>2024-01-21T20:58:54.935071+02:00</dtCreateDate>
      <dtUpdateDate>2024-01-21T20:58:54.935071+02:00</dtUpdateDate>
      <bScrapFlag>false</bScrapFlag>
      <bStructuredStorage>true</bStructuredStorage>
      <iCreaterID>0</iCreaterID>
      <ucProductType>1</ucProductType>
      <ucFolderType>1</ucFolderType>
      <uiFolderNo>0</uiFolderNo>
      <ucReserve>0</ucReserve>
      <ucFileType>7</ucFileType>
    </D_Projectdata>
    <D_Projectdata diffgr:id="D_Projectdata8" msdata:rowOrder="7" diffgr:hasChanges="inserted">
      <iID>8</iID>
      <szName>0101000000000008.col</szName>
      <dtCreateDate>2024-01-21T20:58:54.935071+02:00</dtCreateDate>
      <dtUpdateDate>2024-01-21T20:58:54.935071+02:00</dtUpdateDate>
      <bScrapFlag>false</bScrapFlag>
      <bStructuredStorage>true</bStructuredStorage>
      <iCreaterID>0</iCreaterID>
      <ucProductType>1</ucProductType>
      <ucFolderType>1</ucFolderType>
      <uiFolderNo>0</uiFolderNo>
      <ucReserve>0</ucReserve>
      <ucFileType>8</ucFileType>
    </D_Projectdata>
    <D_Projectdata diffgr:id="D_Projectdata9" msdata:rowOrder="8" diffgr:hasChanges="inserted">
      <iID>9</iID>
      <szName>0101000000000009.col</szName>
      <dtCreateDate>2024-01-21T20:58:54.935071+02:00</dtCreateDate>
      <dtUpdateDate>2024-01-21T20:58:54.935071+02:00</dtUpdateDate>
      <bScrapFlag>false</bScrapFlag>
      <bStructuredStorage>true</bStructuredStorage>
      <iCreaterID>0</iCreaterID>
      <ucProductType>1</ucProductType>
      <ucFolderType>1</ucFolderType>
      <uiFolderNo>0</uiFolderNo>
      <ucReserve>0</ucReserve>
      <ucFileType>9</ucFileType>
    </D_Projectdata>
    <D_Projectdata diffgr:id="D_Projectdata10" msdata:rowOrder="9" diffgr:hasChanges="inserted">
      <iID>10</iID>
      <szName>010100000000000A.col</szName>
      <dtCreateDate>2024-01-21T20:58:54.935071+02:00</dtCreateDate>
      <dtUpdateDate>2024-01-21T20:58:54.935071+02:00</dtUpdateDate>
      <bScrapFlag>false</bScrapFlag>
      <bStructuredStorage>true</bStructuredStorage>
      <iCreaterID>0</iCreaterID>
      <ucProductType>1</ucProductType>
      <ucFolderType>1</ucFolderType>
      <uiFolderNo>0</uiFolderNo>
      <ucReserve>0</ucReserve>
      <ucFileType>10</ucFileType>
    </D_Projectdata>
    <D_Projectdata diffgr:id="D_Projectdata11" msdata:rowOrder="10" diffgr:hasChanges="inserted">
      <iID>11</iID>
      <szName>010100000000000B.col</szName>
      <dtCreateDate>2024-01-21T20:58:54.935071+02:00</dtCreateDate>
      <dtUpdateDate>2024-01-21T20:58:54.935071+02:00</dtUpdateDate>
      <bScrapFlag>false</bScrapFlag>
      <bStructuredStorage>true</bStructuredStorage>
      <iCreaterID>0</iCreaterID>
      <ucProductType>1</ucProductType>
      <ucFolderType>1</ucFolderType>
      <uiFolderNo>0</uiFolderNo>
      <ucReserve>0</ucReserve>
      <ucFileType>11</ucFileType>
    </D_Projectdata>
    <D_Projectdata diffgr:id="D_Projectdata12" msdata:rowOrder="11" diffgr:hasChanges="inserted">
      <iID>12</iID>
      <szName>MAIN.res</szName>
      <dtCreateDate>2024-01-21T20:58:54.935071+02:00</dtCreateDate>
      <dtUpdateDate>2024-01-21T20:58:54.935071+02:00</dtUpdateDate>
      <bScrapFlag>false</bScrapFlag>
      <bStructuredStorage>true</bStructuredStorage>
      <iCreaterID>0</iCreaterID>
      <ucProductType>1</ucProductType>
      <ucFolderType>3</ucFolderType>
      <uiFolderNo>1</uiFolderNo>
      <ucReserve>0</ucReserve>
      <ucFileType>1</ucFileType>
    </D_Projectdata>
    <D_Projectdata diffgr:id="D_Projectdata13" msdata:rowOrder="12" diffgr:hasChanges="inserted">
      <iID>13</iID>
      <szName>Task_01.tsk</szName>
      <dtCreateDate>2024-01-21T20:58:54.935071+02:00</dtCreateDate>
      <dtUpdateDate>2024-01-21T20:58:54.935071+02:00</dtUpdateDate>
      <bScrapFlag>false</bScrapFlag>
      <bStructuredStorage>true</bStructuredStorage>
      <iCreaterID>0</iCreaterID>
      <ucProductType>1</ucProductType>
      <ucFolderType>3</ucFolderType>
      <uiFolderNo>1</uiFolderNo>
      <ucReserve>0</ucReserve>
      <ucFileType>2</ucFileType>
    </D_Projectdata>
    <D_Projectdata diffgr:id="D_Projectdata14" msdata:rowOrder="13" diffgr:hasChanges="inserted">
      <iID>14</iID>
      <szName>Global1.gh</szName>
      <dtCreateDate>2024-01-21T20:58:54.935071+02:00</dtCreateDate>
      <dtUpdateDate>2024-01-21T20:58:54.935071+02:00</dtUpdateDate>
      <bScrapFlag>false</bScrapFlag>
      <bStructuredStorage>true</bStructuredStorage>
      <iCreaterID>0</iCreaterID>
      <ucProductType>1</ucProductType>
      <ucFolderType>5</ucFolderType>
      <uiFolderNo>0</uiFolderNo>
      <ucReserve>0</ucReserve>
      <ucFileType>1</ucFileType>
    </D_Projectdata>
    <D_Projectdata diffgr:id="D_Projectdata15" msdata:rowOrder="14" diffgr:hasChanges="inserted">
      <iID>15</iID>
      <szName>POU_01.Labels.lh</szName>
      <dtCreateDate>2024-01-21T20:58:54.935071+02:00</dtCreateDate>
      <dtUpdateDate>2024-01-21T20:58:54.935071+02:00</dtUpdateDate>
      <bScrapFlag>false</bScrapFlag>
      <bStructuredStorage>true</bStructuredStorage>
      <iCreaterID>0</iCreaterID>
      <ucProductType>1</ucProductType>
      <ucFolderType>7</ucFolderType>
      <uiFolderNo>1</uiFolderNo>
      <ucReserve>0</ucReserve>
      <ucFileType>1</ucFileType>
    </D_Projectdata>
    <D_Projectdata diffgr:id="D_Projectdata16" msdata:rowOrder="15" diffgr:hasChanges="inserted">
      <iID>16</iID>
      <szName>POU_01.Program.pou</szName>
      <dtCreateDate>2024-01-21T20:58:54.935071+02:00</dtCreateDate>
      <dtUpdateDate>2024-01-21T20:58:54.935071+02:00</dtUpdateDate>
      <bScrapFlag>false</bScrapFlag>
      <bStructuredStorage>true</bStructuredStorage>
      <iCreaterID>0</iCreaterID>
      <ucProductType>1</ucProductType>
      <ucFolderType>7</ucFolderType>
      <uiFolderNo>1</uiFolderNo>
      <ucReserve>0</ucReserve>
      <ucFileType>2</ucFileType>
    </D_Projectdata>
    <D_Projectdata diffgr:id="D_Projectdata17" msdata:rowOrder="16" diffgr:hasChanges="inserted">
      <iID>17</iID>
      <szName>Param.wpa</szName>
      <dtCreateDate>2024-01-21T20:58:54.935071+02:00</dtCreateDate>
      <dtUpdateDate>2024-01-21T20:58:54.935071+02:00</dtUpdateDate>
      <bScrapFlag>false</bScrapFlag>
      <bStructuredStorage>true</bStructuredStorage>
      <iCreaterID>0</iCreaterID>
      <ucProductType>1</ucProductType>
      <ucFolderType>2</ucFolderType>
      <uiFolderNo>0</uiFolderNo>
      <ucReserve>0</ucReserve>
      <ucFileType>1</ucFileType>
    </D_Projectdata>
    <D_Projectdata diffgr:id="D_Projectdata18" msdata:rowOrder="17" diffgr:hasChanges="inserted">
      <iID>18</iID>
      <szName>Param.lup</szName>
      <dtCreateDate>2024-01-21T20:58:54.935071+02:00</dtCreateDate>
      <dtUpdateDate>2024-01-21T20:58:54.935071+02:00</dtUpdateDate>
      <bScrapFlag>false</bScrapFlag>
      <bStructuredStorage>true</bStructuredStorage>
      <iCreaterID>0</iCreaterID>
      <ucProductType>1</ucProductType>
      <ucFolderType>2</ucFolderType>
      <uiFolderNo>0</uiFolderNo>
      <ucReserve>0</ucReserve>
      <ucFileType>2</ucFileType>
    </D_Projectdata>
    <D_Projectdata diffgr:id="D_Projectdata19" msdata:rowOrder="18" diffgr:hasChanges="inserted">
      <iID>19</iID>
      <szName>COMMENT.qcd</szName>
      <dtCreateDate>2024-01-21T20:58:54.935071+02:00</dtCreateDate>
      <dtUpdateDate>2024-01-21T20:58:54.935071+02:00</dtUpdateDate>
      <bScrapFlag>false</bScrapFlag>
      <bStructuredStorage>true</bStructuredStorage>
      <iCreaterID>0</iCreaterID>
      <ucProductType>1</ucProductType>
      <ucFolderType>6</ucFolderType>
      <uiFolderNo>0</uiFolderNo>
      <ucReserve>0</ucReserve>
      <ucFileType>1</ucFileType>
    </D_Projectdata>
    <D_Projectdata diffgr:id="D_Projectdata20" msdata:rowOrder="19" diffgr:hasChanges="inserted">
      <iID>20</iID>
      <szName>MAIN.qdv</szName>
      <dtCreateDate>2024-01-21T20:58:54.935071+02:00</dtCreateDate>
      <dtUpdateDate>2024-01-21T20:58:54.935071+02:00</dtUpdateDate>
      <bScrapFlag>false</bScrapFlag>
      <bStructuredStorage>true</bStructuredStorage>
      <iCreaterID>0</iCreaterID>
      <ucProductType>1</ucProductType>
      <ucFolderType>6</ucFolderType>
      <uiFolderNo>0</uiFolderNo>
      <ucReserve>0</ucReserve>
      <ucFileType>2</ucFileType>
    </D_Projectdata>
    <D_Projectdata diffgr:id="D_Projectdata21" msdata:rowOrder="20" diffgr:hasChanges="inserted">
      <iID>21</iID>
      <szName>AUTOEXEC.wbt</szName>
      <dtCreateDate>2024-01-21T20:58:54.935071+02:00</dtCreateDate>
      <dtUpdateDate>2024-01-21T20:58:54.935071+02:00</dtUpdateDate>
      <bScrapFlag>false</bScrapFlag>
      <bStructuredStorage>true</bStructuredStorage>
      <iCreaterID>0</iCreaterID>
      <ucProductType>1</ucProductType>
      <ucFolderType>2</ucFolderType>
      <uiFolderNo>0</uiFolderNo>
      <ucReserve>0</ucReserve>
      <ucFileType>4</ucFileType>
    </D_Projectdata>
    <D_Projectdata diffgr:id="D_Projectdata22" msdata:rowOrder="21" diffgr:hasChanges="inserted">
      <iID>22</iID>
      <szName>00000000.qtm</szName>
      <dtCreateDate>2024-01-21T20:58:54.935071+02:00</dtCreateDate>
      <dtUpdateDate>2024-01-21T20:58:54.935071+02:00</dtUpdateDate>
      <bScrapFlag>false</bScrapFlag>
      <bStructuredStorage>true</bStructuredStorage>
      <iCreaterID>0</iCreaterID>
      <ucProductType>1</ucProductType>
      <ucFolderType>6</ucFolderType>
      <uiFolderNo>0</uiFolderNo>
      <ucReserve>0</ucReserve>
      <ucFileType>5</ucFileType>
    </D_Projectdata>
    <D_Projectdata diffgr:id="D_Projectdata23" msdata:rowOrder="22" diffgr:hasChanges="inserted">
      <iID>23</iID>
      <szName>UserLibrary.col</szName>
      <dtCreateDate>2024-01-21T20:58:54.935071+02:00</dtCreateDate>
      <dtUpdateDate>2024-01-21T20:58:54.935071+02:00</dtUpdateDate>
      <bScrapFlag>false</bScrapFlag>
      <bStructuredStorage>true</bStructuredStorage>
      <iCreaterID>0</iCreaterID>
      <ucProductType>1</ucProductType>
      <ucFolderType>87</ucFolderType>
      <uiFolderNo>0</uiFolderNo>
      <ucReserve>0</ucReserve>
      <ucFileType>1</ucFileType>
    </D_Projectdata>
    <D_Projectdata diffgr:id="D_Projectdata24" msdata:rowOrder="23" diffgr:hasChanges="inserted">
      <iID>24</iID>
      <szName>MELSECFunction.lif</szName>
      <dtCreateDate>2024-01-21T20:58:54.935071+02:00</dtCreateDate>
      <dtUpdateDate>2024-01-21T20:58:54.935071+02:00</dtUpdateDate>
      <bScrapFlag>false</bScrapFlag>
      <bStructuredStorage>true</bStructuredStorage>
      <iCreaterID>0</iCreaterID>
      <ucProductType>1</ucProductType>
      <ucFolderType>48</ucFolderType>
      <uiFolderNo>0</uiFolderNo>
      <ucReserve>0</ucReserve>
      <ucFileType>0</ucFileType>
    </D_Projectdata>
    <D_Projectdata diffgr:id="D_Projectdata25" msdata:rowOrder="24" diffgr:hasChanges="inserted">
      <iID>25</iID>
      <szName>IECFunction.lif</szName>
      <dtCreateDate>2024-01-21T20:58:54.935071+02:00</dtCreateDate>
      <dtUpdateDate>2024-01-21T20:58:54.935071+02:00</dtUpdateDate>
      <bScrapFlag>false</bScrapFlag>
      <bStructuredStorage>true</bStructuredStorage>
      <iCreaterID>0</iCreaterID>
      <ucProductType>1</ucProductType>
      <ucFolderType>64</ucFolderType>
      <uiFolderNo>0</uiFolderNo>
      <ucReserve>0</ucReserve>
      <ucFileType>0</ucFileType>
    </D_Projectdata>
    <D_Projectdata diffgr:id="D_Projectdata26" msdata:rowOrder="25" diffgr:hasChanges="inserted">
      <iID>26</iID>
      <szName>MELSEC_LIB2.lif</szName>
      <dtCreateDate>2024-01-21T20:58:54.935071+02:00</dtCreateDate>
      <dtUpdateDate>2024-01-21T20:58:54.935071+02:00</dtUpdateDate>
      <bScrapFlag>false</bScrapFlag>
      <bStructuredStorage>true</bStructuredStorage>
      <iCreaterID>0</iCreaterID>
      <ucProductType>1</ucProductType>
      <ucFolderType>49</ucFolderType>
      <uiFolderNo>0</uiFolderNo>
      <ucReserve>0</ucReserve>
      <ucFileType>0</ucFileType>
    </D_Projectdata>
    <D_Projectdata diffgr:id="D_Projectdata27" msdata:rowOrder="26" diffgr:hasChanges="inserted">
      <iID>27</iID>
      <szName>BlockPassword.bpw</szName>
      <dtCreateDate>2024-01-21T20:58:54.935071+02:00</dtCreateDate>
      <dtUpdateDate>2024-01-21T20:58:54.935071+02:00</dtUpdateDate>
      <bScrapFlag>false</bScrapFlag>
      <bStructuredStorage>true</bStructuredStorage>
      <iCreaterID>0</iCreaterID>
      <ucProductType>1</ucProductType>
      <ucFolderType>112</ucFolderType>
      <uiFolderNo>0</uiFolderNo>
      <ucReserve>0</ucReserve>
      <ucFileType>1</ucFileType>
    </D_Projectdata>
    <D_Projectdata diffgr:id="D_Projectdata28" msdata:rowOrder="27" diffgr:hasChanges="inserted">
      <iID>28</iID>
      <szName>SamplingTrace.qtd</szName>
      <dtCreateDate>2024-01-21T20:58:54.935071+02:00</dtCreateDate>
      <dtUpdateDate>2024-01-21T20:58:54.935071+02:00</dtUpdateDate>
      <bScrapFlag>false</bScrapFlag>
      <bStructuredStorage>true</bStructuredStorage>
      <iCreaterID>0</iCreaterID>
      <ucProductType>1</ucProductType>
      <ucFolderType>6</ucFolderType>
      <uiFolderNo>0</uiFolderNo>
      <ucReserve>0</ucReserve>
      <ucFileType>6</ucFileType>
    </D_Projectdata>
    <D_Projectdata diffgr:id="D_Projectdata29" msdata:rowOrder="28" diffgr:hasChanges="inserted">
      <iID>29</iID>
      <szName>SystemLabel.sld</szName>
      <dtCreateDate>2024-01-21T20:58:54.935071+02:00</dtCreateDate>
      <dtUpdateDate>2024-01-21T20:58:54.935071+02:00</dtUpdateDate>
      <bScrapFlag>false</bScrapFlag>
      <bStructuredStorage>true</bStructuredStorage>
      <iCreaterID>0</iCreaterID>
      <ucProductType>1</ucProductType>
      <ucFolderType>6</ucFolderType>
      <uiFolderNo>0</uiFolderNo>
      <ucReserve>0</ucReserve>
      <ucFileType>7</ucFileType>
    </D_Projectdata>
    <D_Projectdata diffgr:id="D_Projectdata30" msdata:rowOrder="29" diffgr:hasChanges="inserted">
      <iID>30</iID>
      <szName>PLC_GROUP13.pji</szName>
      <dtCreateDate>2024-01-21T20:58:55.1381945+02:00</dtCreateDate>
      <dtUpdateDate>2024-01-21T20:58:55.1381945+02:00</dtUpdateDate>
      <bScrapFlag>false</bScrapFlag>
      <bStructuredStorage>true</bStructuredStorage>
      <iCreaterID>0</iCreaterID>
      <ucProductType>1</ucProductType>
      <ucFolderType>6</ucFolderType>
      <uiFolderNo>0</uiFolderNo>
      <ucReserve>0</ucReserve>
      <ucFileType>4</ucFileType>
    </D_Projectdata>
    <D_Projectdata diffgr:id="D_Projectdata31" msdata:rowOrder="30" diffgr:hasChanges="inserted">
      <iID>31</iID>
      <szName>DeviceAssignment.dat</szName>
      <dtCreateDate>2024-01-21T20:58:55.2631612+02:00</dtCreateDate>
      <dtUpdateDate>2024-01-21T20:58:55.2631612+02:00</dtUpdateDate>
      <bScrapFlag>false</bScrapFlag>
      <bStructuredStorage>true</bStructuredStorage>
      <iCreaterID>3</iCreaterID>
      <ucProductType>0</ucProductType>
      <ucFolderType>0</ucFolderType>
      <uiFolderNo>16842752</uiFolderNo>
      <ucReserve>0</ucReserve>
      <ucFileType>-64</ucFileType>
    </D_Projectdata>
    <D_Projectdata diffgr:id="D_Projectdata32" msdata:rowOrder="31" diffgr:hasChanges="inserted">
      <iID>32</iID>
      <szName>ProgramAnalysis.dat</szName>
      <dtCreateDate>2024-01-21T20:58:55.2631612+02:00</dtCreateDate>
      <dtUpdateDate>2024-01-21T20:58:55.2631612+02:00</dtUpdateDate>
      <bScrapFlag>false</bScrapFlag>
      <bStructuredStorage>true</bStructuredStorage>
      <iCreaterID>3</iCreaterID>
      <ucProductType>0</ucProductType>
      <ucFolderType>0</ucFolderType>
      <uiFolderNo>16842752</uiFolderNo>
      <ucReserve>0</ucReserve>
      <ucFileType>-64</ucFileType>
    </D_Projectdata>
    <D_Projectdata diffgr:id="D_Projectdata33" msdata:rowOrder="32" diffgr:hasChanges="inserted">
      <iID>33</iID>
      <szName>DebugInformation.dat</szName>
      <dtCreateDate>2024-01-21T20:58:55.2631612+02:00</dtCreateDate>
      <dtUpdateDate>2024-01-21T20:58:55.2631612+02:00</dtUpdateDate>
      <bScrapFlag>false</bScrapFlag>
      <bStructuredStorage>true</bStructuredStorage>
      <iCreaterID>3</iCreaterID>
      <ucProductType>0</ucProductType>
      <ucFolderType>0</ucFolderType>
      <uiFolderNo>16842752</uiFolderNo>
      <ucReserve>0</ucReserve>
      <ucFileType>-64</ucFileType>
    </D_Projectdata>
    <D_Projectdata diffgr:id="D_Projectdata34" msdata:rowOrder="33" diffgr:hasChanges="inserted">
      <iID>34</iID>
      <szName>CallTree.dat</szName>
      <dtCreateDate>2024-01-21T20:58:55.2631612+02:00</dtCreateDate>
      <dtUpdateDate>2024-01-21T20:58:55.2631612+02:00</dtUpdateDate>
      <bScrapFlag>false</bScrapFlag>
      <bStructuredStorage>true</bStructuredStorage>
      <iCreaterID>3</iCreaterID>
      <ucProductType>0</ucProductType>
      <ucFolderType>0</ucFolderType>
      <uiFolderNo>16842752</uiFolderNo>
      <ucReserve>0</ucReserve>
      <ucFileType>-64</ucFileType>
    </D_Projectdata>
    <D_Projectdata diffgr:id="D_Projectdata35" msdata:rowOrder="34" diffgr:hasChanges="inserted">
      <iID>35</iID>
      <szName>CGTable.dat</szName>
      <dtCreateDate>2024-01-21T20:58:55.2631612+02:00</dtCreateDate>
      <dtUpdateDate>2024-01-21T20:58:55.2631612+02:00</dtUpdateDate>
      <bScrapFlag>false</bScrapFlag>
      <bStructuredStorage>true</bStructuredStorage>
      <iCreaterID>3</iCreaterID>
      <ucProductType>0</ucProductType>
      <ucFolderType>0</ucFolderType>
      <uiFolderNo>16842752</uiFolderNo>
      <ucReserve>0</ucReserve>
      <ucFileType>-64</ucFileType>
    </D_Projectdata>
    <D_Projectdata diffgr:id="D_Projectdata36" msdata:rowOrder="35" diffgr:hasChanges="inserted">
      <iID>36</iID>
      <szName>DebugInformation2.dat</szName>
      <dtCreateDate>2024-01-21T20:58:55.2787873+02:00</dtCreateDate>
      <dtUpdateDate>2024-01-21T20:58:55.2787873+02:00</dtUpdateDate>
      <bScrapFlag>false</bScrapFlag>
      <bStructuredStorage>true</bStructuredStorage>
      <iCreaterID>3</iCreaterID>
      <ucProductType>0</ucProductType>
      <ucFolderType>0</ucFolderType>
      <uiFolderNo>16842752</uiFolderNo>
      <ucReserve>0</ucReserve>
      <ucFileType>-63</ucFileType>
    </D_Projectdata>
    <D_Projectdata diffgr:id="D_Projectdata37" msdata:rowOrder="36" diffgr:hasChanges="inserted">
      <iID>37</iID>
      <szName>ESCompiler.stg</szName>
      <dtCreateDate>2024-01-21T20:58:55.3100722+02:00</dtCreateDate>
      <dtUpdateDate>2024-01-21T20:58:55.3100722+02:00</dtUpdateDate>
      <bScrapFlag>false</bScrapFlag>
      <bStructuredStorage>true</bStructuredStorage>
      <iCreaterID>3</iCreaterID>
      <ucProductType>1</ucProductType>
      <ucFolderType>1</ucFolderType>
      <uiFolderNo>0</uiFolderNo>
      <ucReserve>0</ucReserve>
      <ucFileType>-48</ucFileType>
    </D_Projectdata>
    <D_Projectdata diffgr:id="D_Projectdata38" msdata:rowOrder="37" diffgr:hasChanges="inserted">
      <iID>38</iID>
      <szName>ProjectStatusFlag.dat</szName>
      <dtCreateDate>2024-01-21T20:58:55.5287923+02:00</dtCreateDate>
      <dtUpdateDate>2024-01-21T20:58:55.5287923+02:00</dtUpdateDate>
      <bScrapFlag>false</bScrapFlag>
      <bStructuredStorage>true</bStructuredStorage>
      <iCreaterID>0</iCreaterID>
      <ucProductType>0</ucProductType>
      <ucFolderType>0</ucFolderType>
      <uiFolderNo>0</uiFolderNo>
      <ucReserve>0</ucReserve>
      <ucFileType>0</ucFileType>
    </D_Projectdata>
    <D_Projectdata diffgr:id="D_Projectdata39" msdata:rowOrder="38" diffgr:hasChanges="inserted">
      <iID>39</iID>
      <szName>Gppw2.gpj</szName>
      <dtCreateDate>2024-01-21T20:58:55.622545+02:00</dtCreateDate>
      <dtUpdateDate>2024-01-21T20:58:55.622545+02:00</dtUpdateDate>
      <bScrapFlag>false</bScrapFlag>
      <bStructuredStorage>true</bStructuredStorage>
      <iCreaterID>0</iCreaterID>
      <ucProductType>0</ucProductType>
      <ucFolderType>0</ucFolderType>
      <uiFolderNo>0</uiFolderNo>
      <ucReserve>0</ucReserve>
      <ucFileType>0</ucFileType>
    </D_Projectdata>
    <D_Projectdata diffgr:id="D_Projectdata40" msdata:rowOrder="39" diffgr:hasChanges="inserted">
      <iID>40</iID>
      <szName>OPTIONDATA.PrgDebugger</szName>
      <dtCreateDate>2024-01-21T20:58:55.6850472+02:00</dtCreateDate>
      <dtUpdateDate>2024-01-21T20:58:55.6850472+02:00</dtUpdateDate>
      <bScrapFlag>false</bScrapFlag>
      <bStructuredStorage>true</bStructuredStorage>
      <iCreaterID>0</iCreaterID>
      <ucProductType>0</ucProductType>
      <ucFolderType>0</ucFolderType>
      <uiFolderNo>0</uiFolderNo>
      <ucReserve>0</ucReserve>
      <ucFileType>0</ucFileType>
    </D_Projectdata>
    <D_Projectdata diffgr:id="D_Projectdata41" msdata:rowOrder="40" diffgr:hasChanges="inserted">
      <iID>41</iID>
      <szName>PRGDEBUGGER_WND1.PrgDebugger</szName>
      <dtCreateDate>2024-01-21T20:58:55.7475663+02:00</dtCreateDate>
      <dtUpdateDate>2024-01-21T20:58:55.7475663+02:00</dtUpdateDate>
      <bScrapFlag>false</bScrapFlag>
      <bStructuredStorage>true</bStructuredStorage>
      <iCreaterID>0</iCreaterID>
      <ucProductType>0</ucProductType>
      <ucFolderType>0</ucFolderType>
      <uiFolderNo>0</uiFolderNo>
      <ucReserve>0</ucReserve>
      <ucFileType>0</ucFileType>
    </D_Projectdata>
    <D_Projectdata diffgr:id="D_Projectdata42" msdata:rowOrder="41" diffgr:hasChanges="inserted">
      <iID>42</iID>
      <szName>PRGDEBUGGER_WND2.PrgDebugger</szName>
      <dtCreateDate>2024-01-21T20:58:55.8569233+02:00</dtCreateDate>
      <dtUpdateDate>2024-01-21T20:58:55.8569233+02:00</dtUpdateDate>
      <bScrapFlag>false</bScrapFlag>
      <bStructuredStorage>true</bStructuredStorage>
      <iCreaterID>0</iCreaterID>
      <ucProductType>0</ucProductType>
      <ucFolderType>0</ucFolderType>
      <uiFolderNo>0</uiFolderNo>
      <ucReserve>0</ucReserve>
      <ucFileType>0</ucFileType>
    </D_Projectdata>
    <D_Projectdata diffgr:id="D_Projectdata43" msdata:rowOrder="42" diffgr:hasChanges="inserted">
      <iID>43</iID>
      <szName>PRGDEBUGGER_WND3.PrgDebugger</szName>
      <dtCreateDate>2024-01-21T20:58:55.9350481+02:00</dtCreateDate>
      <dtUpdateDate>2024-01-21T20:58:55.9350481+02:00</dtUpdateDate>
      <bScrapFlag>false</bScrapFlag>
      <bStructuredStorage>true</bStructuredStorage>
      <iCreaterID>0</iCreaterID>
      <ucProductType>0</ucProductType>
      <ucFolderType>0</ucFolderType>
      <uiFolderNo>0</uiFolderNo>
      <ucReserve>0</ucReserve>
      <ucFileType>0</ucFileType>
    </D_Projectdata>
    <D_Projectdata diffgr:id="D_Projectdata44" msdata:rowOrder="43" diffgr:hasChanges="inserted">
      <iID>44</iID>
      <szName>Cnct2.ini</szName>
      <dtCreateDate>2024-01-21T20:58:56.0287998+02:00</dtCreateDate>
      <dtUpdateDate>2024-01-21T20:58:56.0287998+02:00</dtUpdateDate>
      <bScrapFlag>false</bScrapFlag>
      <bStructuredStorage>true</bStructuredStorage>
      <iCreaterID>0</iCreaterID>
      <ucProductType>0</ucProductType>
      <ucFolderType>0</ucFolderType>
      <uiFolderNo>0</uiFolderNo>
      <ucReserve>0</ucReserve>
      <ucFileType>0</ucFileType>
    </D_Projectdata>
    <D_Projectdata diffgr:id="D_Projectdata45" msdata:rowOrder="44" diffgr:hasChanges="inserted">
      <iID>45</iID>
      <szName>CCLinkDiag2.dat</szName>
      <dtCreateDate>2024-01-21T20:58:56.1538047+02:00</dtCreateDate>
      <dtUpdateDate>2024-01-21T20:58:56.1538047+02:00</dtUpdateDate>
      <bScrapFlag>false</bScrapFlag>
      <bStructuredStorage>true</bStructuredStorage>
      <iCreaterID>0</iCreaterID>
      <ucProductType>0</ucProductType>
      <ucFolderType>0</ucFolderType>
      <uiFolderNo>0</uiFolderNo>
      <ucReserve>0</ucReserve>
      <ucFileType>0</ucFileType>
    </D_Projectdata>
    <D_Projectdata diffgr:id="D_Projectdata46" msdata:rowOrder="45" diffgr:hasChanges="inserted">
      <iID>46</iID>
      <szName>CCLinkDiag.dat</szName>
      <dtCreateDate>2024-01-21T20:58:56.2163048+02:00</dtCreateDate>
      <dtUpdateDate>2024-01-21T20:58:56.2163048+02:00</dtUpdateDate>
      <bScrapFlag>false</bScrapFlag>
      <bStructuredStorage>true</bStructuredStorage>
      <iCreaterID>0</iCreaterID>
      <ucProductType>0</ucProductType>
      <ucFolderType>0</ucFolderType>
      <uiFolderNo>0</uiFolderNo>
      <ucReserve>0</ucReserve>
      <ucFileType>0</ucFileType>
    </D_Projectdata>
    <D_Projectdata diffgr:id="D_Projectdata49" msdata:rowOrder="46" diffgr:hasChanges="inserted">
      <iID>47</iID>
      <szName>Project.gd2</szName>
      <dtCreateDate>2024-02-08T16:36:00.0781902+02:00</dtCreateDate>
      <dtUpdateDate>2024-02-08T16:36:00.0781902+02:00</dtUpdateDate>
      <bScrapFlag>false</bScrapFlag>
      <bStructuredStorage>false</bStructuredStorage>
      <iCreaterID>0</iCreaterID>
      <ucProductType>0</ucProductType>
      <ucFolderType>0</ucFolderType>
      <uiFolderNo>0</uiFolderNo>
      <ucReserve>0</ucReserve>
      <ucFileType>0</ucFileType>
    </D_Projectdata>
    <D_DBVersion diffgr:id="D_DBVersion7" msdata:rowOrder="0" diffgr:hasChanges="inserted">
      <iSupportVersion>1</iSupportVersion>
      <iCreateVersion>1</iCreateVersion>
    </D_DBVersion>
  </DSPROJECTDATA>
</diffgr:diffgram>